dataset_file,stage,rows,columns,sha256,purpose
data/input/aws_region_pue_wue_2022_2025.csv,input,4,11,5025681ab02cbcb9ff3aa8c280fc0bfdfeac4acecc06ab946412b26cc5705347,Canonical input
data/input/google_location_water_2022_2025.csv,input,101,16,49b18443ab2d9492a4f3a2438cc6c775000b1a3a0dd43619009fb12d68f89fa2,Canonical input
data/input/google_locations_aqueduct26.csv,input,26,23,fce7d42974aef09ecfd81bcf256650378997ad8ccfe2c6140b7d8fc9f6ee522d,Canonical input
data/input/google_reported_source_mix.csv,input,18,8,122adb1f779a2d72720fed115ac72a282cf089650ef95617070cd6af66cb3606,Canonical input
data/input/mesa_reclaimed_water_management.csv,input,53954,19,346a7e6d4f7da3fd50a6b243d44149cf5113eb6c46fc7f7bd6cad73a4f16d208,Canonical input
data/input/meta_site_water_electricity_2019_2024.csv,input,70,11,ac84d0dd9bd1d18b7d7bcbd4f67a605d343e9f9f732eccaf8cf59581c8d5d49c,Canonical input
data/input/monthly_cooling_water_intensity.csv,input,72,12,8bdf99e09d06d0fe30115422eae1665a806a977634f011ac9b8cebcc9ca119c5,Canonical input
data/input/source_resolved_case_evidence.csv,input,4,14,754b297dfbbb2a67474fdbbd85479d2ead45714e52d65f96cd07b70a8fefae0f,Canonical input
data/input/usgs/USGS_02336000_Atlanta_GA.csv,input,10958,7,66a5c5b769a971ffd2b19c4de5a2fa5bb8864ac83ce8c244ef09cb120982ba45,Canonical input
data/input/usgs/USGS_06610000_Council_Bluffs_IA.csv,input,10958,7,deec2b12e6e7e3e23e8de9539b4e03c82ffe7133aa62e7769b2ca731a0f07a6f,Canonical input
data/input/usgs/USGS_12117500_Seattle_WA.csv,input,10958,7,cb1e96b9948e1c51db3d4e7dfb265ee5a7b858a2da7610bf5d707c3452c79e27,Canonical input
data/analysis_ready/aws_us_matched_regions.csv,analysis_ready,4,18,b431365a7e052416c1b6e824c5500d47eda237c76e5a1e2423a571df1fc21898,Analysis-ready table
data/analysis_ready/cooling_model_monthly.csv,analysis_ready,72,15,02b1816ef8585ff57f31bdd59aa004600e371e557916ca0af75c7ff55c07ca65,Analysis-ready table
data/analysis_ready/google_global_fy2025.csv,analysis_ready,40,36,d80c30b3a291bd6e1f3e512d712a61968d40545ab4e1f2607a4566c053cfe151,Analysis-ready table
data/analysis_ready/google_location_aqueduct_screen.csv,analysis_ready,26,26,3ab249d584a9c1571b94ea683639bccdfc658a1f8e5b364b5952c807fa584595,Analysis-ready table
data/analysis_ready/google_named_location_year.csv,analysis_ready,97,36,1361fdde3a21d6c1cf0c6515bfb93c2827afe7b7958efce34fa0d32b49d09d17,Analysis-ready table
data/analysis_ready/google_reported_source_mix.csv,analysis_ready,18,12,d03c88c78097f0035a9e72c99687278593534525af3b182ecc0363316e439148,Analysis-ready table
data/analysis_ready/google_us_location_year.csv,analysis_ready,83,36,b373b6dfe8d17e9f4efeeb7a67ab516017211f3367ec3a0d638aeefdb93459c1,Analysis-ready table
data/analysis_ready/mesa_daily_pathways_qc.csv,analysis_ready,2676,22,513056d19790c5cb7efff9519044864ab101e7459203e8e6d988d3f0e88474d0,Analysis-ready table
data/analysis_ready/meta_us_facility_year.csv,analysis_ready,70,17,c8ee1ecc7d439c4ee1316c88083343f248b756205658db94c484ce6f7eac8245,Analysis-ready table
data/analysis_ready/source_component_daily_pressure.csv,analysis_ready,65748,27,375ab0455acc4915e4a0378e1b6993c8ba2c317dd6a9155daae17c91fa0d72f1,Analysis-ready table
data/analysis_ready/source_component_monthly_pressure.csv,analysis_ready,72,18,267583624ec26d6a981390f0128cd73a208fdc5c54ddf2aa5cb91c059c45b7c8,Analysis-ready table
data/analysis_ready/source_resolved_case_evidence.csv,analysis_ready,4,14,754b297dfbbb2a67474fdbbd85479d2ead45714e52d65f96cd07b70a8fefae0f,Analysis-ready table
data/analysis_ready/usgs_daily_flow_three_components.csv,analysis_ready,32874,12,e23b8273d9d76321ed38ccb47989ac35ac807fb288e5a51b5266aa0a9414ca4a,Analysis-ready table
results/council_bluffs_source_family_summary.csv,result,1,11,999c9a2fdf974900ef6e3b1d30b5ca8441d1535a16dc52ae6b600208e0b89367,Reproduced result or manuscript table
results/google_global_fy2025_accounting_summary.csv,result,3,8,51a8bbef31a1038b242b4953ee2ca61814098756fe33cf1ff5e8a88143eb51c2,Reproduced result or manuscript table
results/google_us_annual_summary.csv,result,4,9,875f0606d7338915620e0a96dbd9dc5222f5138470ee23da49cca42c22f448de,Reproduced result or manuscript table
results/manuscript_table_1_source_systems.csv,result,13,6,00bc33ce9aec7fecde277c7481c782cda9492026c5986553b34873a5720fcca6,Reproduced result or manuscript table
results/manuscript_table_2_cooling_architectures.csv,result,5,7,2f7f60920e86384f59a4c82b465d161eab0445aa9ab5256e1ab36205a8ebbb49,Reproduced result or manuscript table
results/manuscript_table_3_source_component_results.csv,result,6,9,547345e7adb1fbc51668580fc2aad6eac0a39ddf70512ffafb61dc2c9ca9df47,Reproduced result or manuscript table
results/manuscript_table_4_flow_regime_descriptors.csv,result,3,9,4448cea39c64ec4058ec96b3ecb42ce1057a6d9e9572f333cbf6f9da5b96cca4,Reproduced result or manuscript table
results/manuscript_table_5_aws_pue_wue.csv,result,4,10,933e8d267d6c9b2039151c130455ed0978102f2022fc22188b37782aa43c487b,Reproduced result or manuscript table
results/manuscript_table_6_managed_system_cases.csv,result,4,7,69d902ea18d10cc20e31977cd2d7bd15d1b5a6f63082155ffb175d23c638de36,Reproduced result or manuscript table
results/mesa_summary.csv,result,1,5,8a449f28d2d67d15060a5fed8da56020876b24b40f60df0fb7a1efd4f9f2d46f,Reproduced result or manuscript table
results/meta_us_consecutive_changes.csv,result,51,25,4e09676238d1612447ca8f75a09cdd61a9271c19818e5576da5191828034b5e9,Reproduced result or manuscript table
results/near_equal_volume_pair_distribution.csv,result,282,14,24a5ddb4249b25f2c709704c4337627eeaefd0d4991f479c9b337ab871435af1,Reproduced result or manuscript table
results/table_3_source_component_results.csv,result,6,13,a2d55beb5de5dcd2a750e308c0e85ceafcecdff2dd67ee6d603f9290323cb786,Reproduced result or manuscript table
results/table_4_flow_regime_descriptors.csv,result,3,10,1930161eab84511b0ea932517d5643607c727f75500be604d64cb46d49d6c887,Reproduced result or manuscript table
results/table_5_aws_pue_wue.csv,result,4,18,245c49d2d18b487ba04f0c9b016bd8d693232c4c9a0f88d69aeb7cbed17e4753,Reproduced result or manuscript table
figures/Figure_03/figure_03_google_panel.csv,figure-ready,83,19,85ba4a9f2cdeb2a62040facfd759df1d1eec0ab9bca13f1e69526d1a753f8895,Exact source-linked plotting data
figures/Figure_04/figure_04_google_panel.csv,figure-ready,83,19,85ba4a9f2cdeb2a62040facfd759df1d1eec0ab9bca13f1e69526d1a753f8895,Exact source-linked plotting data
figures/Figure_05/figure_05_google_balance.csv,figure-ready,26,19,f7fab28a43c35228c7f10b03b8ecc46c1f38dc0ef47c7e0a7ff863115fef9974,Exact source-linked plotting data
figures/Figure_05/figure_05_source_boundary.csv,figure-ready,12,9,ebf8d1d2b2797fe943bca9b9c8ff64d462ce45e31df07a95d06ce7d329efa480,Exact source-linked plotting data
figures/Figure_06/figure_06_daily_pressure.csv,figure-ready,65748,18,e16a54929cb3cdf202abe8e78f344699a2433736dba58e9f484829b84e904e93,Exact source-linked plotting data
figures/Figure_06/figure_06_volume_pressure.csv,figure-ready,72,18,51f0b16eb5714b67fab8cfbe2355677a1f0144d7ddebcde2e21046f07f8519b3,Exact source-linked plotting data
figures/Figure_07/figure_07_meta_panel.csv,figure-ready,70,14,38275d9b38919c6821872893b1bf22aa2392d1c7d1dbc3a379f0751543a45916,Exact source-linked plotting data
figures/Figure_08/figure_08_council_bluffs.csv,figure-ready,10958,18,a71bb419e9b854a464c6f19523c85d649aa3cc19dfbecfb6e7b7369bde3c8a08,Exact source-linked plotting data
figures/Figure_08/figure_08_mesa_monthly.csv,figure-ready,800,10,f2e1a533217739ed32a8d4332425d12095a8d1cafb6edd9419833feced5743ed,Exact source-linked plotting data
figures/Figure_08/figure_08_system_scale.csv,figure-ready,5407,7,059b3308d0f4f26ffef8aca7615d4d07ede677c2ec74f195d224b87cb9194345,Exact source-linked plotting data
figures/Figure_09/figure_09_google_accounting_context.csv,figure-ready,40,13,dbf3469ff90c1b3fd4c80a9aa6c8e1f9025c159546a079558384c97e8d81c48a,Exact source-linked plotting data
