figure,plotted_evidence,source_ids,scientific_boundary,sources_and_locators
Figure 1,Conceptual synthesis; no plotted dataset,LEI_MASANET_2022,Cooling-water accounting and heat-rejection boundary,"Lei and Masanet (2022), methods and archived central scenario vector"
Figure 2,Thirteen candidate locations and evaluated control reaches,PHOENIX_WRP_2021; SNWA_SOURCES_2026; SNWA_WRP_2026; SAWS_WMP_2025; DALLAS_LRWSP_2024; ATLANTA_DWM_OVERVIEW; LOUDOUN_WATER_2026; VALLEY_WATER_2026; SEATTLE_WSP_2019; DALLES_WQR_2024; QUINCY_OPS_2020; QUINCY_ECOLOGY_2019; PRINEVILLE_WMP_2023; IOWA_DNR_PWS_2026; CB_WATER_WORKS_2024; IOWA_DNR_MISSOURI_2022,Locality coordinates and source-system eligibility; not facility or intake coordinates,"City of Phoenix Water Services Department (2021), portfolio sections; Southern Nevada Water Authority (2026), source portfolio overview; Southern Nevada Water Authority (2026), Chapter 3; San Antonio Water System (2025), source portfolio sections; Dallas Water Utilities (2024), regional supply-system sections; Atlanta Department of Watershed Management (n.d.), PDF p. 2; Loudoun Water (2026), supply-source overview; Santa Clara Valley Water District (2026), water-source overview; Seattle Public Utilities (2019), PDF p. 23; Cedar supplies approximately 60-70%; City of The Dalles (2024), source-water section; City of Quincy (2021), PDF pp. 3 and 15; Washington State Department of Ecology (2019), water-supply and discharge sections; City of Prineville (2023), source and mitigation sections; Iowa Department of Natural Resources (2026), facility inventory; Council Bluffs Water Works (2024), source-system description; Iowa Department of Natural Resources (2022), segment/intake description"
Figure 3,U.S. Google FY2022 and FY2025 water with Aqueduct screen,GOOGLE_ENV_2023; GOOGLE_ENV_2026; WRI_AQUEDUCT_4,Operator-reported water and locality-centroid screening,"Google (2023), printed p. 95, Water use by data center location; Google (2026), printed p. 97, Water use by data center location; endnote 224 on p. 116; Kuzma et al.; World Resources Institute (2023), baseline annual indicators; baseline period 1979-2019"
Figure 4,U.S. Google FY2022-FY2025 location panel,GOOGLE_ENV_2023; GOOGLE_ENV_2024; GOOGLE_ENV_2025; GOOGLE_ENV_2026,Operator-reported annual location values,"Google (2023), printed p. 95, Water use by data center location; Google (2024), printed p. 79, Water use by data center location; Google (2025), printed p. 114, Water use by data center location; Google (2026), printed p. 97, Water use by data center location; endnote 224 on p. 116"
Figure 5,U.S. Google FY2025 balances and FY2022/FY2023/FY2025 source classifications,GOOGLE_ENV_2023; GOOGLE_ENV_2024; GOOGLE_ENV_2026,Operator-reported water balance and documented reporting rule,"Google (2023), printed p. 95, Water use by data center location; Google (2024), printed p. 79, Water use by data center location; Google (2026), printed p. 97, Water use by data center location; endnote 224 on p. 116"
Figure 6,Modeled cooling demand divided by observed source-component flow,LEI_MASANET_2022; ENERGYPLUS_TMY3_ATLANTA; ENERGYPLUS_TMY3_SEATTLE; ENERGYPLUS_TMY3_CHICAGO; ATLANTA_DWM_OVERVIEW; SEATTLE_WSP_2019; CB_WATER_WORKS_2024; USGS_02336000; USGS_12117500; USGS_06610000,Standardized source-component screen; not facility impact,"Lei and Masanet (2022), methods and archived central scenario vector; U.S. Department of Energy EnergyPlus (archived), USA_GA_Atlanta-Hartsfield-Jackson.Intl.AP.722190_TMY3.epw; U.S. Department of Energy EnergyPlus (archived), USA_WA_Seattle-Tacoma.Intl.AP.727930_TMY3.epw; U.S. Department of Energy EnergyPlus (archived), USA_IL_Chicago-OHare.Intl.AP.725300_TMY3.epw; Atlanta Department of Watershed Management (n.d.), PDF p. 2; Seattle Public Utilities (2019), PDF p. 23; Cedar supplies approximately 60-70%; Council Bluffs Water Works (2024), source-system description; U.S. Geological Survey (n.d.), daily mean discharge, parameter 00060, 1995-10-01 through 2025-09-30; U.S. Geological Survey (n.d.), daily mean discharge, parameter 00060, 1995-10-01 through 2025-09-30; U.S. Geological Survey (n.d.), daily mean discharge, parameter 00060, 1995-10-01 through 2025-09-30"
Figure 7,Meta U.S. facility water and total-facility electricity,META_EDI_2024; META_EDI_2025,Derived intensity is not WUE,"Meta (2024), printed p. 29 electricity; printed p. 32 water; Meta (2025), printed p. 6 electricity; printed p. 9 water"
Figure 8,"Mesa managed pathways, U.S. facility scale comparison, and Council Bluffs river context",MESA_OPEN_DATA_2026; GOOGLE_ENV_2026; META_EDI_2025; CB_PLANNING_2012; CB_WATER_WORKS_2024; IOWA_DNR_MISSOURI_2022; USGS_06610000,Municipal and source-family context only,"City of Mesa Water Resources (2026), dataset 5zhe-5nig; retrieved 2026-08-22; Google (2026), printed p. 97, Water use by data center location; endnote 224 on p. 116; Meta (2025), printed p. 6 electricity; printed p. 9 water; Council Bluffs Planning Commission (2012), PDF p. 10; Council Bluffs Water Works (2024), source-system description; Iowa Department of Natural Resources (2022), segment/intake description; U.S. Geological Survey (n.d.), daily mean discharge, parameter 00060, 1995-10-01 through 2025-09-30"
Figure 9,Google FY2025 global accounting comparison,GOOGLE_ENV_2026,Accounting comparison only; no cross-country hydrological comparison,"Google (2026), printed p. 97, Water use by data center location; endnote 224 on p. 116"
