location_reported,data_year,estimated_consumption,discharge,withdrawal,balance_error_mgd,estimated_consumption_fraction,discharge_fraction,highlight,consumption_value_status,source_ids,source_locators,scientific_boundary
"Council Bluffs, IA",2025,3.6876712376076366,1.0969863026363142,4.784657540243951,2.220446049250313e-16,0.7707283554968108,0.229271644503189,True,OPERATOR_ESTIMATE,GOOGLE_ENV_2026,"Google (2026), printed p. 97, Water use by data center location; endnote 224 on p. 116",Global accounting comparison only; source systems and cross-country hydrology are outside scope.
"Mayes County, OK",2025,2.9627397299401297,0.8638356173009694,3.826575347241099,0.0,0.7742535978224546,0.2257464021775453,False,OPERATOR_ESTIMATE,GOOGLE_ENV_2026,"Google (2026), printed p. 97, Water use by data center location; endnote 224 on p. 116",Global accounting comparison only; source systems and cross-country hydrology are outside scope.
"New Albany, OH",2025,2.289589044312641,0.472328767751525,2.7619178120641656,-3.3306690738754696e-16,0.828985219730879,0.1710147802691211,False,OPERATOR_ESTIMATE,GOOGLE_ENV_2026,"Google (2026), printed p. 97, Water use by data center location; endnote 224 on p. 116",Global accounting comparison only; source systems and cross-country hydrology are outside scope.
"Berkeley County, SC",2025,2.4704109620941668,0.2378082190780498,2.70821918206496,8.92743573510657e-10,0.9121901869886804,0.0878098126816774,False,OPERATOR_ESTIMATE,GOOGLE_ENV_2026,"Google (2026), printed p. 97, Water use by data center location; endnote 224 on p. 116",Global accounting comparison only; source systems and cross-country hydrology are outside scope.
"St. Ghislain, Belgium",2025,1.2350684944454473,0.7221917818839894,1.9572602763294369,2.220446049250313e-16,0.6310190368557638,0.3689809631442361,True,OPERATOR_ESTIMATE,GOOGLE_ENV_2026,"Google (2026), printed p. 97, Water use by data center location; endnote 224 on p. 116",Global accounting comparison only; source systems and cross-country hydrology are outside scope.
"Papillion, NE",2025,1.5019178105783035,0.3550684938611592,1.8569863035467191,-8.927436012662325e-10,0.808793154645105,0.1912068458356436,False,OPERATOR_ESTIMATE,GOOGLE_ENV_2026,"Google (2026), printed p. 97, Water use by data center location; endnote 224 on p. 116",Global accounting comparison only; source systems and cross-country hydrology are outside scope.
"The Dalles, OR",2025,1.2849315085262774,0.507671233304952,1.7926027418312296,2.220446049250313e-16,0.7167965765876595,0.2832034234123404,True,OPERATOR_ESTIMATE,GOOGLE_ENV_2026,"Google (2026), printed p. 97, Water use by data center location; endnote 224 on p. 116",Global accounting comparison only; source systems and cross-country hydrology are outside scope.
"Eemshaven, Netherlands",2025,1.1115068511637174,0.3465753433073351,1.4580821935783088,-8.927436567773838e-10,0.7623074035599777,0.2376925970522948,True,OPERATOR_ESTIMATE,GOOGLE_ENV_2026,"Google (2026), printed p. 97, Water use by data center location; endnote 224 on p. 116",Global accounting comparison only; source systems and cross-country hydrology are outside scope.
"Montgomery County, TN",2025,1.163561645514264,0.2049315069976115,1.3684931525118755,-8.326672684688674e-17,0.8502502503418021,0.1497497496581979,False,OPERATOR_ESTIMATE,GOOGLE_ENV_2026,"Google (2026), printed p. 97, Water use by data center location; endnote 224 on p. 116",Global accounting comparison only; source systems and cross-country hydrology are outside scope.
"Lockbourne, OH",2025,0.9849315080024542,0.2775342469563967,1.262465754958851,0.0,0.7801649305208737,0.2198350694791263,False,OPERATOR_ESTIMATE,GOOGLE_ENV_2026,"Google (2026), printed p. 97, Water use by data center location; endnote 224 on p. 116",Global accounting comparison only; source systems and cross-country hydrology are outside scope.
"Douglas County, GA",2025,1.0057534259212215,0.2013698633897646,1.2071232893109862,1.1102230246251563e-16,0.8331820244270951,0.1668179755729048,True,OPERATOR_ESTIMATE,GOOGLE_ENV_2026,"Google (2026), printed p. 97, Water use by data center location; endnote 224 on p. 116",Global accounting comparison only; source systems and cross-country hydrology are outside scope.
"Henderson, NV",2025,0.655890412209312,0.4446575349275927,1.100547946244161,-8.92743712288535e-10,0.5959671402301632,0.4040328605810179,False,OPERATOR_ESTIMATE,GOOGLE_ENV_2026,"Google (2026), printed p. 97, Water use by data center location; endnote 224 on p. 116",Global accounting comparison only; source systems and cross-country hydrology are outside scope.
"Lenoir, NC",2025,0.9432876721649196,0.0931506846742802,1.0364383577319436,8.927437955552621e-10,0.9101242395439056,0.089875759594737,False,OPERATOR_ESTIMATE,GOOGLE_ENV_2026,"Google (2026), printed p. 97, Water use by data center location; endnote 224 on p. 116",Global accounting comparison only; source systems and cross-country hydrology are outside scope.
"Bristow, VA",2025,0.7331506859108021,0.2520547952949244,0.9852054803129828,-8.92743712288535e-10,0.7441601783192403,0.2558398225869094,False,OPERATOR_ESTIMATE,GOOGLE_ENV_2026,"Google (2026), printed p. 97, Water use by data center location; endnote 224 on p. 116",Global accounting comparison only; source systems and cross-country hydrology are outside scope.
"Lancaster, OH",2025,0.3720547949688074,0.4693150687647355,0.8413698637335429,5.551115123125783e-17,0.4422012375364029,0.557798762463597,False,OPERATOR_ESTIMATE,GOOGLE_ENV_2026,"Google (2026), printed p. 97, Water use by data center location; endnote 224 on p. 116",Global accounting comparison only; source systems and cross-country hydrology are outside scope.
"Quilicura, Chile",2025,0.3917808227527166,0.3704109593201484,0.762191782072865,0.0,0.5140186918405565,0.4859813081594435,True,OPERATOR_ESTIMATE,GOOGLE_ENV_2026,"Google (2026), printed p. 97, Water use by data center location; endnote 224 on p. 116",Global accounting comparison only; source systems and cross-country hydrology are outside scope.
"Midlothian, TX",2025,0.6032876723449645,0.1189041095390249,0.7221917818839894,-4.163336342344337e-17,0.8353566012218548,0.1646433987781451,False,OPERATOR_ESTIMATE,GOOGLE_ENV_2026,"Google (2026), printed p. 97, Water use by data center location; endnote 224 on p. 116",Global accounting comparison only; source systems and cross-country hydrology are outside scope.
"Sterling, VA",2025,0.5473972611832989,0.1605479453765595,0.7079452065598585,8.326672684688674e-17,0.7732198143459216,0.2267801856540783,False,OPERATOR_ESTIMATE,GOOGLE_ENV_2026,"Google (2026), printed p. 97, Water use by data center location; endnote 224 on p. 116",Global accounting comparison only; source systems and cross-country hydrology are outside scope.
"Omaha, NE",2025,0.5038356173865765,0.1586301374173718,0.6624657539112047,-8.927436012662325e-10,0.7605459065799639,0.2394540947676432,False,OPERATOR_ESTIMATE,GOOGLE_ENV_2026,"Google (2026), printed p. 97, Water use by data center location; endnote 224 on p. 116",Global accounting comparison only; source systems and cross-country hydrology are outside scope.
"Leesburg, VA",2025,0.5224657541428839,0.1298630135658376,0.6523287677087215,2.7755575615628914e-17,0.8009239819025976,0.1990760180974023,False,OPERATOR_ESTIMATE,GOOGLE_ENV_2026,"Google (2026), printed p. 97, Water use by data center location; endnote 224 on p. 116",Global accounting comparison only; source systems and cross-country hydrology are outside scope.
"Jackson County, AL",2025,0.4756164390488432,0.0476712329183701,0.5232876719672134,6.245004513516506e-17,0.9089005236084426,0.0910994763915572,False,OPERATOR_ESTIMATE,GOOGLE_ENV_2026,"Google (2026), printed p. 97, Water use by data center location; endnote 224 on p. 116",Global accounting comparison only; source systems and cross-country hydrology are outside scope.
"Inzai, Japan",2025,0.2005479455654351,0.0586301369451829,0.259178082510618,3.4694469519536136e-17,0.7737843556166406,0.2262156443833592,False,OPERATOR_ESTIMATE,GOOGLE_ENV_2026,"Google (2026), printed p. 97, Water use by data center location; endnote 224 on p. 116",Global accounting comparison only; source systems and cross-country hydrology are outside scope.
"Fredericia, Denmark",2025,0.196712328754316,0.0465753427835119,0.243287671537828,9.714451465470121e-17,0.8085585574924204,0.1914414425075791,False,OPERATOR_ESTIMATE,GOOGLE_ENV_2026,"Google (2026), printed p. 97, Water use by data center location; endnote 224 on p. 116",Global accounting comparison only; source systems and cross-country hydrology are outside scope.
"Ashburn, VA",2025,0.1457534245386277,0.0638356162016888,0.2095890416330602,8.927436984107472e-10,0.6954248342516244,0.3045751614888795,False,OPERATOR_ESTIMATE,GOOGLE_ENV_2026,"Google (2026), printed p. 97, Water use by data center location; endnote 224 on p. 116",Global accounting comparison only; source systems and cross-country hydrology are outside scope.
"Red Oak, TX",2025,0.1380821918091331,0.0454794517559101,0.1835616444577869,8.927436984107472e-10,0.7522388035747164,0.2477611915618291,False,OPERATOR_ESTIMATE,GOOGLE_ENV_2026,"Google (2026), printed p. 97, Water use by data center location; endnote 224 on p. 116",Global accounting comparison only; source systems and cross-country hydrology are outside scope.
"Storey County, NV",2025,0.0183561644457786,0.1643835621876786,0.1827397266334573,1.1102230246251563e-16,0.1004497751197676,0.8995502248802318,False,OPERATOR_ESTIMATE,GOOGLE_ENV_2026,"Google (2026), printed p. 97, Water use by data center location; endnote 224 on p. 116",Global accounting comparison only; source systems and cross-country hydrology are outside scope.
"New Haven, IN",2025,0.1035616440800357,0.0668493151884783,0.1704109592685141,1.1102230246251563e-16,0.6077170419354022,0.3922829580645972,False,OPERATOR_ESTIMATE,GOOGLE_ENV_2026,"Google (2026), printed p. 97, Water use by data center location; endnote 224 on p. 116",Global accounting comparison only; source systems and cross-country hydrology are outside scope.
"Mesa, AZ",2025,0.0265753426890741,0.0265753426890741,0.0531506853781483,9.714451465470121e-17,0.4999999999999991,0.4999999999999991,True,OPERATOR_ESTIMATE,GOOGLE_ENV_2026,"Google (2026), printed p. 97, Water use by data center location; endnote 224 on p. 116",Global accounting comparison only; source systems and cross-country hydrology are outside scope.
"Middenmeer, Netherlands",2025,0.0254794516614723,0.0117808218511423,0.0372602744053582,8.927436012662325e-10,0.6838235109134955,0.3161764651268419,False,OPERATOR_ESTIMATE,GOOGLE_ENV_2026,"Google (2026), printed p. 97, Water use by data center location; endnote 224 on p. 116",Global accounting comparison only; source systems and cross-country hydrology are outside scope.
"Hamina, Finland",2025,0.0010958901348581,0.0106849317162841,0.0117808218511423,1.006139616066548e-16,0.0930232329038945,0.906976767096097,False,OPERATOR_ESTIMATE,GOOGLE_ENV_2026,"Google (2026), printed p. 97, Water use by data center location; endnote 224 on p. 116",Global accounting comparison only; source systems and cross-country hydrology are outside scope.
"Hanau, Germany",2025,0.0052054792565059,0.0041095891216477,0.0093150683781536,0.0,0.5588235153178459,0.4411764846821541,False,OPERATOR_ESTIMATE,GOOGLE_ENV_2026,"Google (2026), printed p. 97, Water use by data center location; endnote 224 on p. 116",Global accounting comparison only; source systems and cross-country hydrology are outside scope.
"Wilmer, TX",2025,0.0008219178243295,0.0063013702841077,0.0071232881084372,8.673617379884035e-19,0.115384610564323,0.8846153894356769,False,OPERATOR_ESTIMATE,GOOGLE_ENV_2026,"Google (2026), printed p. 97, Water use by data center location; endnote 224 on p. 116",Global accounting comparison only; source systems and cross-country hydrology are outside scope.
"Sydney, Australia",2025,0.0005479455138009,0.0032876712973181,0.0038356168111191,9.97465998686664e-17,0.142857209357425,0.8571427906425491,False,OPERATOR_ESTIMATE,GOOGLE_ENV_2026,"Google (2026), printed p. 97, Water use by data center location; endnote 224 on p. 116",Global accounting comparison only; source systems and cross-country hydrology are outside scope.
"Frankfurt, Germany",2025,0.0005479455138009,0.0027397257835172,0.0032876712973181,0.0,0.1666667571809516,0.8333332428190484,False,OPERATOR_ESTIMATE,GOOGLE_ENV_2026,"Google (2026), printed p. 97, Water use by data center location; endnote 224 on p. 116",Global accounting comparison only; source systems and cross-country hydrology are outside scope.
"San Bernardo, Chile",2025,0.0002739723105286,0.00219178116246,0.0024657534729886,-4.336808689942019e-19,0.1111109904253865,0.8888890095746136,False,OPERATOR_ESTIMATE,GOOGLE_ENV_2026,"Google (2026), printed p. 97, Water use by data center location; endnote 224 on p. 116",Global accounting comparison only; source systems and cross-country hydrology are outside scope.
"Phoenix, AZ",2025,0.0002739723105286,0.0010958901348581,0.0013698633381304,8.927437001454707e-10,0.1999997393189013,0.799999608978352,True,OPERATOR_ESTIMATE,GOOGLE_ENV_2026,"Google (2026), printed p. 97, Water use by data center location; endnote 224 on p. 116",Global accounting comparison only; source systems and cross-country hydrology are outside scope.
"Dublin, Ireland",2025,0.0002739723105286,0.0010958901348581,0.0013698633381304,8.927437001454707e-10,0.1999997393189013,0.799999608978352,False,OPERATOR_ESTIMATE,GOOGLE_ENV_2026,"Google (2026), printed p. 97, Water use by data center location; endnote 224 on p. 116",Global accounting comparison only; source systems and cross-country hydrology are outside scope.
"Pflugerville, TX",2025,0.0002739723105286,0.0008219178243295,0.0010958901348581,0.0,0.2499997963427921,0.7500002036572079,False,OPERATOR_ESTIMATE,GOOGLE_ENV_2026,"Google (2026), printed p. 97, Water use by data center location; endnote 224 on p. 116",Global accounting comparison only; source systems and cross-country hydrology are outside scope.
"Montreal, Canada",2025,0.0002739723105286,0.0005479455138009,0.0008219178243295,0.0,0.3333329712761732,0.6666670287238269,False,OPERATOR_ESTIMATE,GOOGLE_ENV_2026,"Google (2026), printed p. 97, Water use by data center location; endnote 224 on p. 116",Global accounting comparison only; source systems and cross-country hydrology are outside scope.
"Winschoten, Netherlands",2025,0.0001369861552643,0.0001369861552643,0.0002739723105286,0.0,0.5,0.5,False,OPERATOR_ESTIMATE,GOOGLE_ENV_2026,"Google (2026), printed p. 97, Water use by data center location; endnote 224 on p. 116",Global accounting comparison only; source systems and cross-country hydrology are outside scope.
