location,location_label,architecture_id,month,daily_records,water_years,mean_withdrawal_ml_day,mean_consumption_ml_day,flow_q10_ml_day,flow_median_ml_day,pressure_p50_pct,pressure_p90_pct,pressure_p95_pct,pressure_p99_pct,architecture_label,hydrology_source_id,utility_source_id,model_source_id
Atlanta_GA,Atlanta,climate_responsive_hybrid,1,930,30,0.37478458786890356,0.37478458786890356,2363.3919770001407,4318.205837893633,0.008679243409123783,0.015857910643524254,0.017506590877826467,0.01893540380920201,Climate-responsive hybrid,USGS_02336000,ATLANTA_DWM_OVERVIEW,LEI_MASANET_2022
Atlanta_GA,Atlanta,climate_responsive_hybrid,2,848,30,0.6978807492502254,0.6978807492502254,2314.460466089165,5284.603178385409,0.013206208375905294,0.03015306415794874,0.031823290865950246,0.03445278661529379,Climate-responsive hybrid,USGS_02336000,ATLANTA_DWM_OVERVIEW,LEI_MASANET_2022
Atlanta_GA,Atlanta,climate_responsive_hybrid,3,930,30,0.9227001501405072,0.9227001501405072,2365.8385525456897,5994.11008659456,0.015393446847165296,0.03900097701711993,0.04244916044740949,0.04456386771962531,Climate-responsive hybrid,USGS_02336000,ATLANTA_DWM_OVERVIEW,LEI_MASANET_2022
Atlanta_GA,Atlanta,climate_responsive_hybrid,4,900,30,2.6211269293663038,2.6211269293663038,2219.0440198127617,5382.46620020736,0.048697508388725684,0.11811964548533241,0.12878296421695232,0.14041221291637812,Climate-responsive hybrid,USGS_02336000,ATLANTA_DWM_OVERVIEW,LEI_MASANET_2022
Atlanta_GA,Atlanta,climate_responsive_hybrid,5,930,30,5.231181385434931,5.231181385434931,2325.9593711532443,5345.767567024128,0.0978570188999191,0.22490444804375567,0.2425736397466431,0.2717311697763677,Climate-responsive hybrid,USGS_02336000,ATLANTA_DWM_OVERVIEW,LEI_MASANET_2022
Atlanta_GA,Atlanta,climate_responsive_hybrid,6,900,30,6.7901344671001835,6.7901344671001835,2471.041301004288,4452.767492898816,0.15249245503900558,0.274788384327713,0.29746652537083623,0.34180610837191233,Climate-responsive hybrid,USGS_02336000,ATLANTA_DWM_OVERVIEW,LEI_MASANET_2022
Atlanta_GA,Atlanta,climate_responsive_hybrid,7,930,30,10.392552069271428,10.392552069271428,2495.507056459776,3987.918139244544,0.2606009377925735,0.4164505182371518,0.43323860618615484,0.4728758384716114,Climate-responsive hybrid,USGS_02336000,ATLANTA_DWM_OVERVIEW,LEI_MASANET_2022
Atlanta_GA,Atlanta,climate_responsive_hybrid,8,930,30,12.147137984465285,12.147137984465285,2471.041301004288,3877.822239694848,0.31324950230053356,0.4915797230717434,0.51003713592507,0.5804896748557284,Climate-responsive hybrid,USGS_02336000,ATLANTA_DWM_OVERVIEW,LEI_MASANET_2022
Atlanta_GA,Atlanta,climate_responsive_hybrid,9,900,30,7.534804240980947,7.534804240980947,2419.6632145477633,3547.5345410457603,0.21239551451301159,0.3113988837652849,0.3252267937833061,0.334038557034307,Climate-responsive hybrid,USGS_02336000,ATLANTA_DWM_OVERVIEW,LEI_MASANET_2022
Atlanta_GA,Atlanta,climate_responsive_hybrid,10,930,30,3.1461787459879296,3.1461787459879296,2471.041301004288,3400.7400083128323,0.09251453325738962,0.12732198141363524,0.13396743344858608,0.13988538170174789,Climate-responsive hybrid,USGS_02336000,ATLANTA_DWM_OVERVIEW,LEI_MASANET_2022
Atlanta_GA,Atlanta,climate_responsive_hybrid,11,900,30,1.7671340336477637,1.7671340336477637,2471.041301004288,3792.19209560064,0.04659927527663573,0.07151373928592612,0.0806170890754026,0.0893966214792538,Climate-responsive hybrid,USGS_02336000,ATLANTA_DWM_OVERVIEW,LEI_MASANET_2022
Atlanta_GA,Atlanta,climate_responsive_hybrid,12,930,30,0.5512605886845628,0.5512605886845628,2471.041301004288,3792.19209560064,0.01453672637849981,0.022308837511559116,0.024817659370631913,0.027325369462991366,Climate-responsive hybrid,USGS_02336000,ATLANTA_DWM_OVERVIEW,LEI_MASANET_2022
Atlanta_GA,Atlanta,water_cooled_evaporative,1,930,30,17.065796158191247,17.065796158191247,2363.3919770001407,4318.205837893633,0.395208884307809,0.7220891127781902,0.7971616790451956,0.8622225994360095,Water-cooled evaporative,USGS_02336000,ATLANTA_DWM_OVERVIEW,LEI_MASANET_2022
Atlanta_GA,Atlanta,water_cooled_evaporative,2,848,30,17.19450877402098,17.19450877402098,2314.460466089165,5284.603178385409,0.32537688714728447,0.7429165036927686,0.7840678433968516,0.8488538226374501,Water-cooled evaporative,USGS_02336000,ATLANTA_DWM_OVERVIEW,LEI_MASANET_2022
Atlanta_GA,Atlanta,water_cooled_evaporative,3,930,30,17.41115935851971,17.41115935851971,2365.8385525456897,5994.11008659456,0.2904711309433346,0.7359403007354393,0.8010068027762554,0.8409108878764512,Water-cooled evaporative,USGS_02336000,ATLANTA_DWM_OVERVIEW,LEI_MASANET_2022
Atlanta_GA,Atlanta,water_cooled_evaporative,4,900,30,17.602846437659863,17.602846437659863,2219.0440198127617,5382.46620020736,0.3270405383499057,0.7932626068024173,0.8648748435260727,0.9429740293182078,Water-cooled evaporative,USGS_02336000,ATLANTA_DWM_OVERVIEW,LEI_MASANET_2022
Atlanta_GA,Atlanta,water_cooled_evaporative,5,930,30,17.830684138680336,17.830684138680336,2325.9593711532443,5345.767567024128,0.33354943485911226,0.7665955123670469,0.8268216358804037,0.9262062050470644,Water-cooled evaporative,USGS_02336000,ATLANTA_DWM_OVERVIEW,LEI_MASANET_2022
Atlanta_GA,Atlanta,water_cooled_evaporative,6,900,30,18.028496874075547,18.028496874075547,2471.041301004288,4452.767492898816,0.4048829610534803,0.7295910783339943,0.7898038468567355,0.907529944536521,Water-cooled evaporative,USGS_02336000,ATLANTA_DWM_OVERVIEW,LEI_MASANET_2022
Atlanta_GA,Atlanta,water_cooled_evaporative,7,930,30,18.187990649858357,18.187990649858357,2495.507056459776,3987.918139244544,0.45607733195104705,0.7288294618433399,0.7582102707736409,0.8275793348292121,Water-cooled evaporative,USGS_02336000,ATLANTA_DWM_OVERVIEW,LEI_MASANET_2022
Atlanta_GA,Atlanta,water_cooled_evaporative,8,930,30,18.243874995696746,18.243874995696746,2471.041301004288,3877.822239694848,0.4704717086233645,0.7383071658204181,0.7660284885937908,0.8718416698570783,Water-cooled evaporative,USGS_02336000,ATLANTA_DWM_OVERVIEW,LEI_MASANET_2022
Atlanta_GA,Atlanta,water_cooled_evaporative,9,900,30,17.983196012479553,17.983196012479553,2419.6632145477633,3547.5345410457603,0.5069209560727314,0.7432107040500107,0.7762135543356912,0.7972444478652732,Water-cooled evaporative,USGS_02336000,ATLANTA_DWM_OVERVIEW,LEI_MASANET_2022
Atlanta_GA,Atlanta,water_cooled_evaporative,10,930,30,17.631360911378515,17.631360911378515,2471.041301004288,3400.7400083128323,0.5184565967489455,0.7135194747336973,0.7507609580400378,0.7839254696366584,Water-cooled evaporative,USGS_02336000,ATLANTA_DWM_OVERVIEW,LEI_MASANET_2022
Atlanta_GA,Atlanta,water_cooled_evaporative,11,900,30,17.376695685310406,17.376695685310406,2471.041301004288,3792.19209560064,0.4582229815169248,0.7032134864863698,0.7927291293276406,0.8790605902899576,Water-cooled evaporative,USGS_02336000,ATLANTA_DWM_OVERVIEW,LEI_MASANET_2022
Atlanta_GA,Atlanta,water_cooled_evaporative,12,930,30,17.20455766710506,17.20455766710506,2471.041301004288,3792.19209560064,0.45368370676855313,0.6962472727636212,0.7745463045407869,0.8528106386542258,Water-cooled evaporative,USGS_02336000,ATLANTA_DWM_OVERVIEW,LEI_MASANET_2022
Council_Bluffs_IA,Council Bluffs,climate_responsive_hybrid,1,930,30,0.16659104171507638,0.16659104171507638,37921.920956006405,47830.55191547904,0.00034829648567395337,0.0004393001132731127,0.0004586883245574885,0.0005478511712628991,Climate-responsive hybrid,USGS_06610000,CB_WATER_WORKS_2024,LEI_MASANET_2022
Council_Bluffs_IA,Council Bluffs,climate_responsive_hybrid,2,848,30,0.1315813976303094,0.1315813976303094,37677.26340145152,49665.48357464064,0.00026493529944706973,0.0003492328947256828,0.0003674918748380529,0.0004154063849426311,Climate-responsive hybrid,USGS_06610000,CB_WATER_WORKS_2024,LEI_MASANET_2022
Council_Bluffs_IA,Council Bluffs,climate_responsive_hybrid,3,930,30,0.05981495762924641,0.05981495762924641,38631.427864215555,67036.16994803712,8.922788649114617e-05,0.00015483552629065486,0.00016694245707231508,0.00019670742351362392,Climate-responsive hybrid,USGS_06610000,CB_WATER_WORKS_2024,LEI_MASANET_2022
Council_Bluffs_IA,Council Bluffs,climate_responsive_hybrid,4,900,30,0.5489290310194866,0.5489290310194866,65788.41641980724,81715.62322132992,0.00067175530134879,0.0008343865777256553,0.0008868232041521575,0.00104356404953719,Climate-responsive hybrid,USGS_06610000,CB_WATER_WORKS_2024,LEI_MASANET_2022
Council_Bluffs_IA,Council Bluffs,climate_responsive_hybrid,5,930,30,1.4174936349087979,1.4174936349087979,69238.08793903104,92969.8707308544,0.0015246806559647789,0.0020472743790339787,0.002134391580859962,0.002336204230913774,Climate-responsive hybrid,USGS_06610000,CB_WATER_WORKS_2024,LEI_MASANET_2022
Council_Bluffs_IA,Council Bluffs,climate_responsive_hybrid,6,900,30,3.1580803311717047,3.1580803311717047,73862.11572011828,99086.3095947264,0.003187201485339994,0.004275647166514798,0.004467268863900122,0.004643225185477329,Climate-responsive hybrid,USGS_06610000,CB_WATER_WORKS_2024,LEI_MASANET_2022
Council_Bluffs_IA,Council Bluffs,climate_responsive_hybrid,7,930,30,9.449923818215765,9.449923818215765,69458.27973813044,89544.66496708608,0.01055330747140466,0.01360519499734491,0.014096753775671917,0.01532742275608772,Climate-responsive hybrid,USGS_06610000,CB_WATER_WORKS_2024,LEI_MASANET_2022
Council_Bluffs_IA,Council Bluffs,climate_responsive_hybrid,8,930,30,7.690603497199346,7.690603497199346,67770.14261170177,85263.15776237569,0.009019862188512657,0.011348070405080454,0.011861945291348248,0.012726378551446503,Climate-responsive hybrid,USGS_06610000,CB_WATER_WORKS_2024,LEI_MASANET_2022
Council_Bluffs_IA,Council Bluffs,climate_responsive_hybrid,9,900,30,4.67083509558311,4.67083509558311,70706.03326636032,87587.40453064704,0.005332770300264776,0.0066059922750684764,0.007072172684076458,0.008678267920278827,Climate-responsive hybrid,USGS_06610000,CB_WATER_WORKS_2024,LEI_MASANET_2022
Council_Bluffs_IA,Council Bluffs,climate_responsive_hybrid,10,930,30,0.6262277764410265,0.6262277764410265,64320.47109247795,88076.7196397568,0.0007110026111353431,0.0009736069772775441,0.0014469702015942581,0.0018879800722352033,Climate-responsive hybrid,USGS_06610000,CB_WATER_WORKS_2024,LEI_MASANET_2022
Council_Bluffs_IA,Council Bluffs,climate_responsive_hybrid,11,900,30,1.789800556257434,1.789800556257434,36943.29073778688,84896.17143054336,0.0021082229340833526,0.004844724226006114,0.005151784212161431,0.005500401188924235,Climate-responsive hybrid,USGS_06610000,CB_WATER_WORKS_2024,LEI_MASANET_2022
Council_Bluffs_IA,Council Bluffs,climate_responsive_hybrid,12,930,30,0.0816888237974304,0.0816888237974304,37921.920956006405,50154.7986837504,0.00016287339584895326,0.0002154132009615188,0.00022408755804721755,0.00026589248593140535,Climate-responsive hybrid,USGS_06610000,CB_WATER_WORKS_2024,LEI_MASANET_2022
Council_Bluffs_IA,Council Bluffs,water_cooled_evaporative,1,930,30,16.788776887151638,16.788776887151638,37921.920956006405,47830.55191547904,0.03510075889050532,0.04427195791750229,0.04622587062579219,0.05521155871891713,Water-cooled evaporative,USGS_06610000,CB_WATER_WORKS_2024,LEI_MASANET_2022
Council_Bluffs_IA,Council Bluffs,water_cooled_evaporative,2,848,30,16.84823400219893,16.84823400219893,37677.26340145152,49665.48357464064,0.03392342687427631,0.0447172445160915,0.04705520090745791,0.0531903757336957,Water-cooled evaporative,USGS_06610000,CB_WATER_WORKS_2024,LEI_MASANET_2022
Council_Bluffs_IA,Council Bluffs,water_cooled_evaporative,3,930,30,17.070105170738085,17.070105170738085,38631.427864215555,67036.16994803712,0.02546402215993235,0.04418725386935226,0.04764235255919464,0.05613673469528097,Water-cooled evaporative,USGS_06610000,CB_WATER_WORKS_2024,LEI_MASANET_2022
Council_Bluffs_IA,Council Bluffs,water_cooled_evaporative,4,900,30,17.322878630919362,17.322878630919362,65788.41641980724,81715.62322132992,0.021198980008999842,0.026331231544386265,0.02798600522927252,0.032932368944213704,Water-cooled evaporative,USGS_06610000,CB_WATER_WORKS_2024,LEI_MASANET_2022
Council_Bluffs_IA,Council Bluffs,water_cooled_evaporative,5,930,30,17.51495985985757,17.51495985985757,69238.08793903104,92969.8707308544,0.018839393582210057,0.025296712230529404,0.026373157482562855,0.028866812746934763,Water-cooled evaporative,USGS_06610000,CB_WATER_WORKS_2024,LEI_MASANET_2022
Council_Bluffs_IA,Council Bluffs,water_cooled_evaporative,6,900,30,17.81615391222984,17.81615391222984,73862.11572011828,99086.3095947264,0.017980439462424037,0.024120851911564437,0.025201876235056868,0.02619452511612135,Water-cooled evaporative,USGS_06610000,CB_WATER_WORKS_2024,LEI_MASANET_2022
Council_Bluffs_IA,Council Bluffs,water_cooled_evaporative,7,930,30,18.099548338074445,18.099548338074445,69458.27973813044,89544.66496708608,0.020212871805067666,0.026058187265880706,0.026999675476842212,0.02935679000259828,Water-cooled evaporative,USGS_06610000,CB_WATER_WORKS_2024,LEI_MASANET_2022
Council_Bluffs_IA,Council Bluffs,water_cooled_evaporative,8,930,30,17.959874001573567,17.959874001573567,67770.14261170177,85263.15776237569,0.021064093146427085,0.02650116011187567,0.02770121264524363,0.02971992449793345,Water-cooled evaporative,USGS_06610000,CB_WATER_WORKS_2024,LEI_MASANET_2022
Council_Bluffs_IA,Council Bluffs,water_cooled_evaporative,9,900,30,17.738677344656903,17.738677344656903,70706.03326636032,87587.40453064704,0.020252543661628996,0.025087926058350103,0.026858364040117558,0.03295791681746253,Water-cooled evaporative,USGS_06610000,CB_WATER_WORKS_2024,LEI_MASANET_2022
Council_Bluffs_IA,Council Bluffs,water_cooled_evaporative,10,930,30,17.354214119808915,17.354214119808915,64320.47109247795,88076.7196397568,0.01970352005704743,0.026980891918015382,0.040098877194749596,0.052320276519365695,Water-cooled evaporative,USGS_06610000,CB_WATER_WORKS_2024,LEI_MASANET_2022
Council_Bluffs_IA,Council Bluffs,water_cooled_evaporative,11,900,30,17.15337428313222,17.15337428313222,36943.29073778688,84896.17143054336,0.020205121142790307,0.0464316360036307,0.04937448617287489,0.052715616816152146,Water-cooled evaporative,USGS_06610000,CB_WATER_WORKS_2024,LEI_MASANET_2022
Council_Bluffs_IA,Council Bluffs,water_cooled_evaporative,12,930,30,16.817773013971404,16.817773013971404,37921.920956006405,50154.7986837504,0.033531732666330444,0.044348420623211225,0.046134263064414364,0.05474089681599288,Water-cooled evaporative,USGS_06610000,CB_WATER_WORKS_2024,LEI_MASANET_2022
Seattle_WA,Seattle,climate_responsive_hybrid,1,930,30,0.0,0.0,1140.104204225741,2341.372797090202,0.0,0.0,0.0,0.0,Climate-responsive hybrid,USGS_12117500,SEATTLE_WSP_2019,LEI_MASANET_2022
Seattle_WA,Seattle,climate_responsive_hybrid,2,848,30,0.0,0.0,1122.2442027432346,1864.2905657081856,0.0,0.0,0.0,0.0,Climate-responsive hybrid,USGS_12117500,SEATTLE_WSP_2019,LEI_MASANET_2022
Seattle_WA,Seattle,climate_responsive_hybrid,3,930,30,0.00140253777489,0.00140253777489,1137.657628680192,1651.43849324544,5.9449903900984165e-05,8.62980581918981e-05,9.300880843920164e-05,0.00011636042574318232,Climate-responsive hybrid,USGS_12117500,SEATTLE_WSP_2019,LEI_MASANET_2022
Seattle_WA,Seattle,climate_responsive_hybrid,4,900,30,0.1210037447384646,0.1210037447384646,988.1718628471604,1496.0809461030913,0.005661637371109474,0.008571653507234935,0.009160180160770158,0.009808458040403414,Climate-responsive hybrid,USGS_12117500,SEATTLE_WSP_2019,LEI_MASANET_2022
Seattle_WA,Seattle,climate_responsive_hybrid,5,930,30,0.254214436789914,0.254214436789914,954.164462764032,1573.1480757878785,0.01131174737437629,0.01864983581944064,0.02009806830266086,0.021804333799001055,Climate-responsive hybrid,USGS_12117500,SEATTLE_WSP_2019,LEI_MASANET_2022
Seattle_WA,Seattle,climate_responsive_hybrid,6,900,30,0.6870355726784712,0.6870355726784712,941.6869274817332,1201.2685928644607,0.04003475190574575,0.05107060314959076,0.056985276281154074,0.064451507539809,Climate-responsive hybrid,USGS_12117500,SEATTLE_WSP_2019,LEI_MASANET_2022
Seattle_WA,Seattle,climate_responsive_hybrid,7,930,30,1.8782021908677247,1.8782021908677247,765.7781457567744,946.8247361273856,0.13885796213825596,0.1716870011102398,0.17945626856349095,0.1895005997874576,Climate-responsive hybrid,USGS_12117500,SEATTLE_WSP_2019,LEI_MASANET_2022
Seattle_WA,Seattle,climate_responsive_hybrid,8,930,30,2.800683593830202,2.800683593830202,601.8575842050049,724.1863614824448,0.27071464196977507,0.3257379431831439,0.3439121631890704,0.3670890998739478,Climate-responsive hybrid,USGS_12117500,SEATTLE_WSP_2019,LEI_MASANET_2022
Seattle_WA,Seattle,climate_responsive_hybrid,9,900,30,1.6172594693951021,1.6172594693951021,604.3041597505536,718.0699226185728,0.15765664017207018,0.1873363951431139,0.20294776140504003,0.2257510326481172,Climate-responsive hybrid,USGS_12117500,SEATTLE_WSP_2019,LEI_MASANET_2022
Seattle_WA,Seattle,climate_responsive_hybrid,10,930,30,0.3326890854483132,0.3326890854483132,839.1754121232384,1092.3959810875392,0.02131851964674128,0.0277513326116875,0.02983920716554487,0.03271033362820897,Climate-responsive hybrid,USGS_12117500,SEATTLE_WSP_2019,LEI_MASANET_2022
Seattle_WA,Seattle,climate_responsive_hybrid,11,900,30,0.3232682025277968,0.3232682025277968,1051.7828270314292,1645.322054381568,0.013753408717469356,0.021514693561821365,0.023359426842773746,0.026811517622402033,Climate-responsive hybrid,USGS_12117500,SEATTLE_WSP_2019,LEI_MASANET_2022
Seattle_WA,Seattle,climate_responsive_hybrid,12,930,30,0.0,0.0,1088.726117769216,1967.0467386212351,0.0,0.0,0.0,0.0,Climate-responsive hybrid,USGS_12117500,SEATTLE_WSP_2019,LEI_MASANET_2022
Seattle_WA,Seattle,water_cooled_evaporative,1,930,30,17.125193144448993,17.125193144448993,1140.104204225741,2341.372797090202,0.5119939709141461,1.0514508372728306,1.1806652775159978,1.3497963916505207,Water-cooled evaporative,USGS_12117500,SEATTLE_WSP_2019,LEI_MASANET_2022
Seattle_WA,Seattle,water_cooled_evaporative,2,848,30,17.173377966103345,17.173377966103345,1122.2442027432346,1864.2905657081856,0.6448224754978471,1.071190793907134,1.2003307510335863,1.3958941088902257,Water-cooled evaporative,USGS_12117500,SEATTLE_WSP_2019,LEI_MASANET_2022
Seattle_WA,Seattle,water_cooled_evaporative,3,930,30,17.249131712627936,17.249131712627936,1137.657628680192,1651.43849324544,0.731145528519954,1.0613379539191574,1.1438702157795326,1.4310604289706428,Water-cooled evaporative,USGS_12117500,SEATTLE_WSP_2019,LEI_MASANET_2022
Seattle_WA,Seattle,water_cooled_evaporative,4,900,30,17.354130306973452,17.354130306973452,988.1718628471604,1496.0809461030913,0.8119814217438173,1.229330482558986,1.3137358722983885,1.4067106709097885,Water-cooled evaporative,USGS_12117500,SEATTLE_WSP_2019,LEI_MASANET_2022
Seattle_WA,Seattle,water_cooled_evaporative,5,930,30,17.454861151844938,17.454861151844938,954.164462764032,1573.1480757878785,0.7766867306897118,1.2805342562116682,1.379972735117141,1.4971282661046066,Water-cooled evaporative,USGS_12117500,SEATTLE_WSP_2019,LEI_MASANET_2022
Seattle_WA,Seattle,water_cooled_evaporative,6,900,30,17.548201323721468,17.548201323721468,941.6869274817332,1201.2685928644607,1.0225640626559696,1.304440790888011,1.4555128445111398,1.646214657439908,Water-cooled evaporative,USGS_12117500,SEATTLE_WSP_2019,LEI_MASANET_2022
Seattle_WA,Seattle,water_cooled_evaporative,7,930,30,17.641672799526734,17.641672799526734,765.7781457567744,946.8247361273856,1.304272109554102,1.6126303718767971,1.6856059412636832,1.7799508450258412,Water-cooled evaporative,USGS_12117500,SEATTLE_WSP_2019,LEI_MASANET_2022
Seattle_WA,Seattle,water_cooled_evaporative,8,930,30,17.708893461695116,17.708893461695116,601.8575842050049,724.1863614824448,1.711745219533119,2.0596609145601756,2.1745776179476533,2.321126804519505,Water-cooled evaporative,USGS_12117500,SEATTLE_WSP_2019,LEI_MASANET_2022
Seattle_WA,Seattle,water_cooled_evaporative,9,900,30,17.590738175367985,17.590738175367985,604.3041597505536,718.0699226185728,1.7148124536332907,2.0376356051959656,2.2074385722956293,2.455467031284279,Water-cooled evaporative,USGS_12117500,SEATTLE_WSP_2019,LEI_MASANET_2022
Seattle_WA,Seattle,water_cooled_evaporative,10,930,30,17.40923985865238,17.40923985865238,839.1754121232384,1092.3959810875392,1.1155737840373865,1.4521955392166572,1.5614516299414214,1.7116943984581214,Water-cooled evaporative,USGS_12117500,SEATTLE_WSP_2019,LEI_MASANET_2022
Seattle_WA,Seattle,water_cooled_evaporative,11,900,30,17.292650708839894,17.292650708839894,1051.7828270314292,1645.322054381568,0.7357138473483508,1.1508898121222182,1.2495704990225598,1.4342338825552652,Water-cooled evaporative,USGS_12117500,SEATTLE_WSP_2019,LEI_MASANET_2022
Seattle_WA,Seattle,water_cooled_evaporative,12,930,30,17.166734198946635,17.166734198946635,1088.726117769216,1967.0467386212351,0.6109012919380623,1.1037407611644992,1.2174132739277843,1.4154600539429454,Water-cooled evaporative,USGS_12117500,SEATTLE_WSP_2019,LEI_MASANET_2022
