location,year,electricity_mwh,withdrawal_ml,operator,withdrawal_intensity_l_per_total_kwh,electricity_boundary,intensity_label,report_file,report_printed_page_electricity,report_printed_page_water,source_id,source_url,source_locator,electricity_status,withdrawal_status,intensity_status,previous_year,previous_electricity_mwh,previous_withdrawal_ml,electricity_change_fraction,withdrawal_change_fraction,electricity_log2_ratio,withdrawal_log2_ratio,derived_status
Altoona (IA),2020,980000,151.0,Meta,0.1540816326530612,total facility electricity; not IT energy,withdrawal intensity; not WUE,Meta_2025-Environmental-Data-Index.pdf,6,9,META_EDI_2025,https://sustainability.atmeta.com/wp-content/uploads/2025/10/Meta_2025-Environmental-Data-Index.pdf,printed p. 6 (electricity); printed p. 9 (water),operator-reported total-facility electricity,operator-reported water withdrawal,study-derived; not WUE because IT electricity is unavailable,2019.0,853000.0,145.0,0.14888628370457213,0.04137931034482767,0.2002360076842804,0.05849564931014455,within-site consecutive annual change
Altoona (IA),2021,950705,140.0,Meta,0.1472591392703309,total facility electricity; not IT energy,withdrawal intensity; not WUE,Meta_2025-Environmental-Data-Index.pdf,6,9,META_EDI_2025,https://sustainability.atmeta.com/wp-content/uploads/2025/10/Meta_2025-Environmental-Data-Index.pdf,printed p. 6 (electricity); printed p. 9 (water),operator-reported total-facility electricity,operator-reported water withdrawal,study-derived; not WUE because IT electricity is unavailable,2020.0,980000.0,151.0,-0.029892857142857165,-0.07284768211920534,-0.043784001265521066,-0.10912172238011252,within-site consecutive annual change
Altoona (IA),2022,1043606,199.0,Meta,0.1906849903124359,total facility electricity; not IT energy,withdrawal intensity; not WUE,Meta_2025-Environmental-Data-Index.pdf,6,9,META_EDI_2025,https://sustainability.atmeta.com/wp-content/uploads/2025/10/Meta_2025-Environmental-Data-Index.pdf,printed p. 6 (electricity); printed p. 9 (water),operator-reported total-facility electricity,operator-reported water withdrawal,study-derived; not WUE because IT electricity is unavailable,2021.0,950705.0,140.0,0.09771800926680729,0.4214285714285715,0.13450749069798643,0.5073416035986824,within-site consecutive annual change
Altoona (IA),2023,1243306,173.0,Meta,0.1391451501078576,total facility electricity; not IT energy,withdrawal intensity; not WUE,Meta_2025-Environmental-Data-Index.pdf,6,9,META_EDI_2025,https://sustainability.atmeta.com/wp-content/uploads/2025/10/Meta_2025-Environmental-Data-Index.pdf,printed p. 6 (electricity); printed p. 9 (water),operator-reported total-facility electricity,operator-reported water withdrawal,study-derived; not WUE because IT electricity is unavailable,2022.0,1043606.0,199.0,0.19135574153464052,-0.1306532663316583,0.25260426955377235,-0.20199639290692423,within-site consecutive annual change
Altoona (IA),2024,1585392,242.0,Meta,0.152643636400335,total facility electricity; not IT energy,withdrawal intensity; not WUE,Meta_2025-Environmental-Data-Index.pdf,6,9,META_EDI_2025,https://sustainability.atmeta.com/wp-content/uploads/2025/10/Meta_2025-Environmental-Data-Index.pdf,printed p. 6 (electricity); printed p. 9 (water),operator-reported total-facility electricity,operator-reported water withdrawal,study-derived; not WUE because IT electricity is unavailable,2023.0,1243306.0,173.0,0.2751422417329281,0.39884393063583823,0.35065818825796846,0.48423500963787,within-site consecutive annual change
DeKalb (IL),2023,138965,55.0,Meta,0.3957831108552513,total facility electricity; not IT energy,withdrawal intensity; not WUE,Meta_2025-Environmental-Data-Index.pdf,6,9,META_EDI_2025,https://sustainability.atmeta.com/wp-content/uploads/2025/10/Meta_2025-Environmental-Data-Index.pdf,printed p. 6 (electricity); printed p. 9 (water),operator-reported total-facility electricity,operator-reported water withdrawal,study-derived; not WUE because IT electricity is unavailable,2022.0,16934.0,30.0,7.2062714066375335,0.8333333333333333,3.036726869382162,0.874469117916141,within-site consecutive annual change
DeKalb (IL),2024,372339,105.0,Meta,0.2820010796612764,total facility electricity; not IT energy,withdrawal intensity; not WUE,Meta_2025-Environmental-Data-Index.pdf,6,9,META_EDI_2025,https://sustainability.atmeta.com/wp-content/uploads/2025/10/Meta_2025-Environmental-Data-Index.pdf,printed p. 6 (electricity); printed p. 9 (water),operator-reported total-facility electricity,operator-reported water withdrawal,study-derived; not WUE because IT electricity is unavailable,2023.0,138965.0,55.0,1.6793725038678806,0.9090909090909092,1.4218951680127234,0.932885804141463,within-site consecutive annual change
Eagle Mountain (UT),2022,504049,89.0,Meta,0.1765701350463943,total facility electricity; not IT energy,withdrawal intensity; not WUE,Meta_2025-Environmental-Data-Index.pdf,6,9,META_EDI_2025,https://sustainability.atmeta.com/wp-content/uploads/2025/10/Meta_2025-Environmental-Data-Index.pdf,printed p. 6 (electricity); printed p. 9 (water),operator-reported total-facility electricity,operator-reported water withdrawal,study-derived; not WUE because IT electricity is unavailable,2021.0,229946.0,58.0,1.1920320423055846,0.5344827586206897,1.1322688872297797,0.6177524358388257,within-site consecutive annual change
Eagle Mountain (UT),2023,787740,87.0,Meta,0.1104425317998324,total facility electricity; not IT energy,withdrawal intensity; not WUE,Meta_2025-Environmental-Data-Index.pdf,6,9,META_EDI_2025,https://sustainability.atmeta.com/wp-content/uploads/2025/10/Meta_2025-Environmental-Data-Index.pdf,printed p. 6 (electricity); printed p. 9 (water),operator-reported total-facility electricity,operator-reported water withdrawal,study-derived; not WUE because IT electricity is unavailable,2022.0,504049.0,89.0,0.5628242492297375,-0.022471910112359605,0.6441555460783454,-0.03278993511766953,within-site consecutive annual change
Eagle Mountain (UT),2024,1115619,133.0,Meta,0.1192163274379514,total facility electricity; not IT energy,withdrawal intensity; not WUE,Meta_2025-Environmental-Data-Index.pdf,6,9,META_EDI_2025,https://sustainability.atmeta.com/wp-content/uploads/2025/10/Meta_2025-Environmental-Data-Index.pdf,printed p. 6 (electricity); printed p. 9 (water),operator-reported total-facility electricity,operator-reported water withdrawal,study-derived; not WUE because IT electricity is unavailable,2023.0,787740.0,87.0,0.41622743544824425,0.5287356321839081,0.5020529699725315,0.6123389396524613,within-site consecutive annual change
Forest City (NC),2020,595000,68.0,Meta,0.1142857142857142,total facility electricity; not IT energy,withdrawal intensity; not WUE,Meta_2025-Environmental-Data-Index.pdf,6,9,META_EDI_2025,https://sustainability.atmeta.com/wp-content/uploads/2025/10/Meta_2025-Environmental-Data-Index.pdf,printed p. 6 (electricity); printed p. 9 (water),operator-reported total-facility electricity,operator-reported water withdrawal,study-derived; not WUE because IT electricity is unavailable,2019.0,614000.0,85.0,-0.030944625407166138,-0.19999999999999996,-0.045348987174873547,-0.3219280948873623,within-site consecutive annual change
Forest City (NC),2021,580842,64.0,Meta,0.1101848695514442,total facility electricity; not IT energy,withdrawal intensity; not WUE,Meta_2025-Environmental-Data-Index.pdf,6,9,META_EDI_2025,https://sustainability.atmeta.com/wp-content/uploads/2025/10/Meta_2025-Environmental-Data-Index.pdf,printed p. 6 (electricity); printed p. 9 (water),operator-reported total-facility electricity,operator-reported water withdrawal,study-derived; not WUE because IT electricity is unavailable,2020.0,595000.0,68.0,-0.02379495798319331,-0.05882352941176472,-0.034743891738168574,-0.08746284125033943,within-site consecutive annual change
Forest City (NC),2022,492786,63.0,Meta,0.1278445410380976,total facility electricity; not IT energy,withdrawal intensity; not WUE,Meta_2025-Environmental-Data-Index.pdf,6,9,META_EDI_2025,https://sustainability.atmeta.com/wp-content/uploads/2025/10/Meta_2025-Environmental-Data-Index.pdf,printed p. 6 (electricity); printed p. 9 (water),operator-reported total-facility electricity,operator-reported water withdrawal,study-derived; not WUE because IT electricity is unavailable,2021.0,580842.0,64.0,-0.15160060739409342,-0.015625,-0.2371845068863627,-0.02272007650008353,within-site consecutive annual change
Forest City (NC),2023,507068,55.0,Meta,0.1084667145234958,total facility electricity; not IT energy,withdrawal intensity; not WUE,Meta_2025-Environmental-Data-Index.pdf,6,9,META_EDI_2025,https://sustainability.atmeta.com/wp-content/uploads/2025/10/Meta_2025-Environmental-Data-Index.pdf,printed p. 6 (electricity); printed p. 9 (water),operator-reported total-facility electricity,operator-reported water withdrawal,study-derived; not WUE because IT electricity is unavailable,2022.0,492786.0,63.0,0.028982154525493797,-0.12698412698412698,0.041217962017282964,-0.19592020997525686,within-site consecutive annual change
Forest City (NC),2024,535555,16.0,Meta,0.0298755496634332,total facility electricity; not IT energy,withdrawal intensity; not WUE,Meta_2025-Environmental-Data-Index.pdf,6,9,META_EDI_2025,https://sustainability.atmeta.com/wp-content/uploads/2025/10/Meta_2025-Environmental-Data-Index.pdf,printed p. 6 (electricity); printed p. 9 (water),operator-reported total-facility electricity,operator-reported water withdrawal,study-derived; not WUE because IT electricity is unavailable,2023.0,507068.0,55.0,0.05617984175692414,-0.7090909090909091,0.07885551151455854,-1.7813597135246597,within-site consecutive annual change
Fort Worth (TX),2020,941000,300.0,Meta,0.3188097768331562,total facility electricity; not IT energy,withdrawal intensity; not WUE,Meta_2025-Environmental-Data-Index.pdf,6,9,META_EDI_2025,https://sustainability.atmeta.com/wp-content/uploads/2025/10/Meta_2025-Environmental-Data-Index.pdf,printed p. 6 (electricity); printed p. 9 (water),operator-reported total-facility electricity,operator-reported water withdrawal,study-derived; not WUE because IT electricity is unavailable,2019.0,695000.0,322.0,0.35395683453237403,-0.06832298136645965,0.4371817451176669,-0.10209818761873612,within-site consecutive annual change
Fort Worth (TX),2021,1014447,254.0,Meta,0.2503827208321381,total facility electricity; not IT energy,withdrawal intensity; not WUE,Meta_2025-Environmental-Data-Index.pdf,6,9,META_EDI_2025,https://sustainability.atmeta.com/wp-content/uploads/2025/10/Meta_2025-Environmental-Data-Index.pdf,printed p. 6 (electricity); printed p. 9 (water),operator-reported total-facility electricity,operator-reported water withdrawal,study-derived; not WUE because IT electricity is unavailable,2020.0,941000.0,300.0,0.07805207226354938,-0.15333333333333332,0.10842686508673136,-0.24013400372371502,within-site consecutive annual change
Fort Worth (TX),2022,959419,346.0,Meta,0.36063492592913,total facility electricity; not IT energy,withdrawal intensity; not WUE,Meta_2025-Environmental-Data-Index.pdf,6,9,META_EDI_2025,https://sustainability.atmeta.com/wp-content/uploads/2025/10/Meta_2025-Environmental-Data-Index.pdf,printed p. 6 (electricity); printed p. 9 (water),operator-reported total-facility electricity,operator-reported water withdrawal,study-derived; not WUE because IT electricity is unavailable,2021.0,1014447.0,254.0,-0.054244332133664974,0.36220472440944884,-0.08046057758770259,0.4459435408645588,within-site consecutive annual change
Fort Worth (TX),2023,1029570,404.0,Meta,0.3923968258593393,total facility electricity; not IT energy,withdrawal intensity; not WUE,Meta_2025-Environmental-Data-Index.pdf,6,9,META_EDI_2025,https://sustainability.atmeta.com/wp-content/uploads/2025/10/Meta_2025-Environmental-Data-Index.pdf,printed p. 6 (electricity); printed p. 9 (water),operator-reported total-facility electricity,operator-reported water withdrawal,study-derived; not WUE because IT electricity is unavailable,2022.0,959419.0,346.0,0.07311821008339425,0.16763005780346818,0.1018090059245506,0.22358325511507007,within-site consecutive annual change
Fort Worth (TX),2024,1109004,311.0,Meta,0.2804318108861645,total facility electricity; not IT energy,withdrawal intensity; not WUE,Meta_2025-Environmental-Data-Index.pdf,6,9,META_EDI_2025,https://sustainability.atmeta.com/wp-content/uploads/2025/10/Meta_2025-Environmental-Data-Index.pdf,printed p. 6 (electricity); printed p. 9 (water),operator-reported total-facility electricity,operator-reported water withdrawal,study-derived; not WUE because IT electricity is unavailable,2023.0,1029570.0,404.0,0.0771525976864127,-0.23019801980198018,0.10722264758917562,-0.37744071262119216,within-site consecutive annual change
Gallatin (TN),2024,359730,205.0,Meta,0.5698718483306925,total facility electricity; not IT energy,withdrawal intensity; not WUE,Meta_2025-Environmental-Data-Index.pdf,6,9,META_EDI_2025,https://sustainability.atmeta.com/wp-content/uploads/2025/10/Meta_2025-Environmental-Data-Index.pdf,printed p. 6 (electricity); printed p. 9 (water),operator-reported total-facility electricity,operator-reported water withdrawal,study-derived; not WUE because IT electricity is unavailable,2023.0,116520.0,3.0,2.0872811534500513,67.33333333333333,1.6263368727224108,6.0945175987842894,within-site consecutive annual change
Henrico (VA),2021,515270,80.0,Meta,0.1552584082131698,total facility electricity; not IT energy,withdrawal intensity; not WUE,Meta_2025-Environmental-Data-Index.pdf,6,9,META_EDI_2025,https://sustainability.atmeta.com/wp-content/uploads/2025/10/Meta_2025-Environmental-Data-Index.pdf,printed p. 6 (electricity); printed p. 9 (water),operator-reported total-facility electricity,operator-reported water withdrawal,study-derived; not WUE because IT electricity is unavailable,2020.0,204000.0,42.0,1.5258333333333334,0.9047619047619047,1.3367594462884482,0.9296106721086019,within-site consecutive annual change
Henrico (VA),2022,701003,55.0,Meta,0.0784590080213636,total facility electricity; not IT energy,withdrawal intensity; not WUE,Meta_2025-Environmental-Data-Index.pdf,6,9,META_EDI_2025,https://sustainability.atmeta.com/wp-content/uploads/2025/10/Meta_2025-Environmental-Data-Index.pdf,printed p. 6 (electricity); printed p. 9 (water),operator-reported total-facility electricity,operator-reported water withdrawal,study-derived; not WUE because IT electricity is unavailable,2021.0,515270.0,80.0,0.36045762415820826,-0.3125,0.4440920198959882,-0.5405683813627028,within-site consecutive annual change
Henrico (VA),2023,805061,42.0,Meta,0.0521699597918667,total facility electricity; not IT energy,withdrawal intensity; not WUE,Meta_2025-Environmental-Data-Index.pdf,6,9,META_EDI_2025,https://sustainability.atmeta.com/wp-content/uploads/2025/10/Meta_2025-Environmental-Data-Index.pdf,printed p. 6 (electricity); printed p. 9 (water),operator-reported total-facility electricity,operator-reported water withdrawal,study-derived; not WUE because IT electricity is unavailable,2022.0,701003.0,55.0,0.14844159012158298,-0.23636363636363633,0.19967748293714627,-0.38904229074589924,within-site consecutive annual change
Henrico (VA),2024,948859,92.0,Meta,0.0969585575939101,total facility electricity; not IT energy,withdrawal intensity; not WUE,Meta_2025-Environmental-Data-Index.pdf,6,9,META_EDI_2025,https://sustainability.atmeta.com/wp-content/uploads/2025/10/Meta_2025-Environmental-Data-Index.pdf,printed p. 6 (electricity); printed p. 9 (water),operator-reported total-facility electricity,operator-reported water withdrawal,study-derived; not WUE because IT electricity is unavailable,2023.0,805061.0,42.0,0.1786175209083536,1.1904761904761907,0.23709561805229384,1.1312445332782528,within-site consecutive annual change
Huntsville (AL),2022,368841,104.0,Meta,0.2819643152469492,total facility electricity; not IT energy,withdrawal intensity; not WUE,Meta_2025-Environmental-Data-Index.pdf,6,9,META_EDI_2025,https://sustainability.atmeta.com/wp-content/uploads/2025/10/Meta_2025-Environmental-Data-Index.pdf,printed p. 6 (electricity); printed p. 9 (water),operator-reported total-facility electricity,operator-reported water withdrawal,study-derived; not WUE because IT electricity is unavailable,2021.0,85286.0,39.0,3.3247543559318062,1.6666666666666665,2.1126181906584036,1.4150374992788437,within-site consecutive annual change
Huntsville (AL),2023,614198,152.0,Meta,0.2474771979068639,total facility electricity; not IT energy,withdrawal intensity; not WUE,Meta_2025-Environmental-Data-Index.pdf,6,9,META_EDI_2025,https://sustainability.atmeta.com/wp-content/uploads/2025/10/Meta_2025-Environmental-Data-Index.pdf,printed p. 6 (electricity); printed p. 9 (water),operator-reported total-facility electricity,operator-reported water withdrawal,study-derived; not WUE because IT electricity is unavailable,2022.0,368841.0,104.0,0.6652107547696704,0.46153846153846145,0.7357047812719871,0.5474877953024933,within-site consecutive annual change
Huntsville (AL),2024,865803,209.0,Meta,0.2413944049627917,total facility electricity; not IT energy,withdrawal intensity; not WUE,Meta_2025-Environmental-Data-Index.pdf,6,9,META_EDI_2025,https://sustainability.atmeta.com/wp-content/uploads/2025/10/Meta_2025-Environmental-Data-Index.pdf,printed p. 6 (electricity); printed p. 9 (water),operator-reported total-facility electricity,operator-reported water withdrawal,study-derived; not WUE because IT electricity is unavailable,2023.0,614198.0,152.0,0.4096480288115558,0.375,0.49533498498093537,0.45943161863729726,within-site consecutive annual change
Los Lunas (NM),2020,571000,140.0,Meta,0.2451838879159369,total facility electricity; not IT energy,withdrawal intensity; not WUE,Meta_2025-Environmental-Data-Index.pdf,6,9,META_EDI_2025,https://sustainability.atmeta.com/wp-content/uploads/2025/10/Meta_2025-Environmental-Data-Index.pdf,printed p. 6 (electricity); printed p. 9 (water),operator-reported total-facility electricity,operator-reported water withdrawal,study-derived; not WUE because IT electricity is unavailable,2019.0,289000.0,92.0,0.9757785467128028,0.5217391304347827,0.982421252862164,0.6057210608879536,within-site consecutive annual change
Los Lunas (NM),2021,717932,153.0,Meta,0.2131121053247383,total facility electricity; not IT energy,withdrawal intensity; not WUE,Meta_2025-Environmental-Data-Index.pdf,6,9,META_EDI_2025,https://sustainability.atmeta.com/wp-content/uploads/2025/10/Meta_2025-Environmental-Data-Index.pdf,printed p. 6 (electricity); printed p. 9 (water),operator-reported total-facility electricity,operator-reported water withdrawal,study-derived; not WUE because IT electricity is unavailable,2020.0,571000.0,140.0,0.25732399299474595,0.09285714285714275,0.330356457918938,0.12810482574768517,within-site consecutive annual change
Los Lunas (NM),2022,929488,161.0,Meta,0.1732136401976141,total facility electricity; not IT energy,withdrawal intensity; not WUE,Meta_2025-Environmental-Data-Index.pdf,6,9,META_EDI_2025,https://sustainability.atmeta.com/wp-content/uploads/2025/10/Meta_2025-Environmental-Data-Index.pdf,printed p. 6 (electricity); printed p. 9 (water),operator-reported total-facility electricity,operator-reported water withdrawal,study-derived; not WUE because IT electricity is unavailable,2021.0,717932.0,153.0,0.2946741474122898,0.05228758169934644,0.3725890360839146,0.07352903542196526,within-site consecutive annual change
Los Lunas (NM),2023,1110100,283.0,Meta,0.2549319881091793,total facility electricity; not IT energy,withdrawal intensity; not WUE,Meta_2025-Environmental-Data-Index.pdf,6,9,META_EDI_2025,https://sustainability.atmeta.com/wp-content/uploads/2025/10/Meta_2025-Environmental-Data-Index.pdf,printed p. 6 (electricity); printed p. 9 (water),operator-reported total-facility electricity,operator-reported water withdrawal,study-derived; not WUE because IT electricity is unavailable,2022.0,929488.0,161.0,0.1943134284681458,0.7577639751552796,0.2561814985437123,0.8137413647172654,within-site consecutive annual change
Los Lunas (NM),2024,1143067,252.0,Meta,0.220459518120985,total facility electricity; not IT energy,withdrawal intensity; not WUE,Meta_2025-Environmental-Data-Index.pdf,6,9,META_EDI_2025,https://sustainability.atmeta.com/wp-content/uploads/2025/10/Meta_2025-Environmental-Data-Index.pdf,printed p. 6 (electricity); printed p. 9 (water),operator-reported total-facility electricity,operator-reported water withdrawal,study-derived; not WUE because IT electricity is unavailable,2023.0,1110100.0,283.0,0.029697324565354455,-0.10954063604240283,0.042220325252438254,-0.16737831933196584,within-site consecutive annual change
New Albany (OH),2020,270000,35.0,Meta,0.1296296296296296,total facility electricity; not IT energy,withdrawal intensity; not WUE,Meta_2025-Environmental-Data-Index.pdf,6,9,META_EDI_2025,https://sustainability.atmeta.com/wp-content/uploads/2025/10/Meta_2025-Environmental-Data-Index.pdf,printed p. 6 (electricity); printed p. 9 (water),operator-reported total-facility electricity,operator-reported water withdrawal,study-derived; not WUE because IT electricity is unavailable,2019.0,38000.0,33.0,6.105263157894737,0.06060606060606055,2.8288880836072456,0.08488889758651294,within-site consecutive annual change
New Albany (OH),2021,511414,121.0,Meta,0.2365989198574931,total facility electricity; not IT energy,withdrawal intensity; not WUE,Meta_2025-Environmental-Data-Index.pdf,6,9,META_EDI_2025,https://sustainability.atmeta.com/wp-content/uploads/2025/10/Meta_2025-Environmental-Data-Index.pdf,printed p. 6 (electricity); printed p. 9 (water),operator-reported total-facility electricity,operator-reported water withdrawal,study-derived; not WUE because IT electricity is unavailable,2020.0,270000.0,35.0,0.894125925925926,2.4571428571428573,0.9215322477385606,1.789580220329628,within-site consecutive annual change
New Albany (OH),2022,702694,87.0,Meta,0.1238092256373328,total facility electricity; not IT energy,withdrawal intensity; not WUE,Meta_2025-Environmental-Data-Index.pdf,6,9,META_EDI_2025,https://sustainability.atmeta.com/wp-content/uploads/2025/10/Meta_2025-Environmental-Data-Index.pdf,printed p. 6 (electricity); printed p. 9 (water),operator-reported total-facility electricity,operator-reported water withdrawal,study-derived; not WUE because IT electricity is unavailable,2021.0,511414.0,121.0,0.37402182967224196,-0.28099173553719003,0.45840492505099895,-0.4759197414258661,within-site consecutive annual change
New Albany (OH),2023,793063,72.0,Meta,0.0907872388448332,total facility electricity; not IT energy,withdrawal intensity; not WUE,Meta_2025-Environmental-Data-Index.pdf,6,9,META_EDI_2025,https://sustainability.atmeta.com/wp-content/uploads/2025/10/Meta_2025-Environmental-Data-Index.pdf,printed p. 6 (electricity); printed p. 9 (water),operator-reported total-facility electricity,operator-reported water withdrawal,study-derived; not WUE because IT electricity is unavailable,2022.0,702694.0,87.0,0.12860363116804763,-0.1724137931034483,0.1745388964277634,-0.27301849440641596,within-site consecutive annual change
New Albany (OH),2024,521217,86.0,Meta,0.1649984555377127,total facility electricity; not IT energy,withdrawal intensity; not WUE,Meta_2025-Environmental-Data-Index.pdf,6,9,META_EDI_2025,https://sustainability.atmeta.com/wp-content/uploads/2025/10/Meta_2025-Environmental-Data-Index.pdf,printed p. 6 (electricity); printed p. 9 (water),operator-reported total-facility electricity,operator-reported water withdrawal,study-derived; not WUE because IT electricity is unavailable,2023.0,793063.0,72.0,-0.3427798295973964,0.19444444444444442,-0.6055513369163836,0.25633975325978553,within-site consecutive annual change
Prineville (OR),2020,686000,445.0,Meta,0.6486880466472303,total facility electricity; not IT energy,withdrawal intensity; not WUE,Meta_2025-Environmental-Data-Index.pdf,6,9,META_EDI_2025,https://sustainability.atmeta.com/wp-content/uploads/2025/10/Meta_2025-Environmental-Data-Index.pdf,printed p. 6 (electricity); printed p. 9 (water),operator-reported total-facility electricity,operator-reported water withdrawal,study-derived; not WUE because IT electricity is unavailable,2019.0,573000.0,208.0,0.19720767888307145,1.139423076923077,0.2596734374159073,1.097221807712668,within-site consecutive annual change
Prineville (OR),2021,898409,354.0,Meta,0.3940298906177475,total facility electricity; not IT energy,withdrawal intensity; not WUE,Meta_2025-Environmental-Data-Index.pdf,6,9,META_EDI_2025,https://sustainability.atmeta.com/wp-content/uploads/2025/10/Meta_2025-Environmental-Data-Index.pdf,printed p. 6 (electricity); printed p. 9 (water),operator-reported total-facility electricity,operator-reported water withdrawal,study-derived; not WUE because IT electricity is unavailable,2020.0,686000.0,445.0,0.30963411078717207,-0.20449438202247194,0.38916380391203337,-0.33005597577076273,within-site consecutive annual change
Prineville (OR),2022,982177,240.0,Meta,0.244355141690347,total facility electricity; not IT energy,withdrawal intensity; not WUE,Meta_2025-Environmental-Data-Index.pdf,6,9,META_EDI_2025,https://sustainability.atmeta.com/wp-content/uploads/2025/10/Meta_2025-Environmental-Data-Index.pdf,printed p. 6 (electricity); printed p. 9 (water),operator-reported total-facility electricity,operator-reported water withdrawal,study-derived; not WUE because IT electricity is unavailable,2021.0,898409.0,354.0,0.09324038383408895,-0.3220338983050848,0.12861065849834627,-0.5607149544744789,within-site consecutive annual change
Prineville (OR),2023,1375321,180.0,Meta,0.1308785367197912,total facility electricity; not IT energy,withdrawal intensity; not WUE,Meta_2025-Environmental-Data-Index.pdf,6,9,META_EDI_2025,https://sustainability.atmeta.com/wp-content/uploads/2025/10/Meta_2025-Environmental-Data-Index.pdf,printed p. 6 (electricity); printed p. 9 (water),operator-reported total-facility electricity,operator-reported water withdrawal,study-derived; not WUE because IT electricity is unavailable,2022.0,982177.0,240.0,0.4002781576029575,-0.25,0.48571343912313125,-0.4150374992788438,within-site consecutive annual change
Prineville (OR),2024,1728291,328.0,Meta,0.1897828548548826,total facility electricity; not IT energy,withdrawal intensity; not WUE,Meta_2025-Environmental-Data-Index.pdf,6,9,META_EDI_2025,https://sustainability.atmeta.com/wp-content/uploads/2025/10/Meta_2025-Environmental-Data-Index.pdf,printed p. 6 (electricity); printed p. 9 (water),operator-reported total-facility electricity,operator-reported water withdrawal,study-derived; not WUE because IT electricity is unavailable,2023.0,1375321.0,180.0,0.25664553947769275,0.8222222222222222,0.32957776785476184,0.865698908288409,within-site consecutive annual change
Sarpy (NE),2020,519000,108.0,Meta,0.2080924855491329,total facility electricity; not IT energy,withdrawal intensity; not WUE,Meta_2025-Environmental-Data-Index.pdf,6,9,META_EDI_2025,https://sustainability.atmeta.com/wp-content/uploads/2025/10/Meta_2025-Environmental-Data-Index.pdf,printed p. 6 (electricity); printed p. 9 (water),operator-reported total-facility electricity,operator-reported water withdrawal,study-derived; not WUE because IT electricity is unavailable,2019.0,178000.0,62.0,1.9157303370786516,0.7419354838709677,1.543857297391483,0.8006911917765933,within-site consecutive annual change
Sarpy (NE),2021,736810,106.0,Meta,0.1438634111914876,total facility electricity; not IT energy,withdrawal intensity; not WUE,Meta_2025-Environmental-Data-Index.pdf,6,9,META_EDI_2025,https://sustainability.atmeta.com/wp-content/uploads/2025/10/Meta_2025-Environmental-Data-Index.pdf,printed p. 6 (electricity); printed p. 9 (water),operator-reported total-facility electricity,operator-reported water withdrawal,study-derived; not WUE because IT electricity is unavailable,2020.0,519000.0,108.0,0.4196724470134874,-0.01851851851851849,0.5055581032648043,-0.02696704760026932,within-site consecutive annual change
Sarpy (NE),2022,1007635,101.0,Meta,0.1002347080043865,total facility electricity; not IT energy,withdrawal intensity; not WUE,Meta_2025-Environmental-Data-Index.pdf,6,9,META_EDI_2025,https://sustainability.atmeta.com/wp-content/uploads/2025/10/Meta_2025-Environmental-Data-Index.pdf,printed p. 6 (electricity); printed p. 9 (water),operator-reported total-facility electricity,operator-reported water withdrawal,study-derived; not WUE because IT electricity is unavailable,2021.0,736810.0,106.0,0.36756422958428914,-0.047169811320754707,0.451608592817947,-0.06970897181140442,within-site consecutive annual change
Sarpy (NE),2023,1148091,123.0,Meta,0.1071343647846729,total facility electricity; not IT energy,withdrawal intensity; not WUE,Meta_2025-Environmental-Data-Index.pdf,6,9,META_EDI_2025,https://sustainability.atmeta.com/wp-content/uploads/2025/10/Meta_2025-Environmental-Data-Index.pdf,printed p. 6 (electricity); printed p. 9 (water),operator-reported total-facility electricity,operator-reported water withdrawal,study-derived; not WUE because IT electricity is unavailable,2022.0,1007635.0,101.0,0.13939174403429822,0.2178217821782178,0.18826385767548878,0.2843030225874451,within-site consecutive annual change
Sarpy (NE),2024,1258239,142.0,Meta,0.1128561425929414,total facility electricity; not IT energy,withdrawal intensity; not WUE,Meta_2025-Environmental-Data-Index.pdf,6,9,META_EDI_2025,https://sustainability.atmeta.com/wp-content/uploads/2025/10/Meta_2025-Environmental-Data-Index.pdf,printed p. 6 (electricity); printed p. 9 (water),operator-reported total-facility electricity,operator-reported water withdrawal,study-derived; not WUE because IT electricity is unavailable,2023.0,1148091.0,123.0,0.0959401301813183,0.15447154471544722,0.13216898785161846,0.20723261416544225,within-site consecutive annual change
Stanton Springs (GA),2022,636266,77.0,Meta,0.1210185677059594,total facility electricity; not IT energy,withdrawal intensity; not WUE,Meta_2025-Environmental-Data-Index.pdf,6,9,META_EDI_2025,https://sustainability.atmeta.com/wp-content/uploads/2025/10/Meta_2025-Environmental-Data-Index.pdf,printed p. 6 (electricity); printed p. 9 (water),operator-reported total-facility electricity,operator-reported water withdrawal,study-derived; not WUE because IT electricity is unavailable,2021.0,215279.0,105.0,1.9555414137003608,-0.2666666666666667,1.563422436092623,-0.4474589769712214,within-site consecutive annual change
Stanton Springs (GA),2023,968565,61.0,Meta,0.062979769039765,total facility electricity; not IT energy,withdrawal intensity; not WUE,Meta_2025-Environmental-Data-Index.pdf,6,9,META_EDI_2025,https://sustainability.atmeta.com/wp-content/uploads/2025/10/Meta_2025-Environmental-Data-Index.pdf,printed p. 6 (electricity); printed p. 9 (water),operator-reported total-facility electricity,operator-reported water withdrawal,study-derived; not WUE because IT electricity is unavailable,2022.0,636266.0,77.0,0.5222642731184757,-0.20779220779220775,0.6062188400639918,-0.33604920313201503,within-site consecutive annual change
Stanton Springs (GA),2024,1184380,146.0,Meta,0.1232712474037048,total facility electricity; not IT energy,withdrawal intensity; not WUE,Meta_2025-Environmental-Data-Index.pdf,6,9,META_EDI_2025,https://sustainability.atmeta.com/wp-content/uploads/2025/10/Meta_2025-Environmental-Data-Index.pdf,printed p. 6 (electricity); printed p. 9 (water),operator-reported total-facility electricity,operator-reported water withdrawal,study-derived; not WUE because IT electricity is unavailable,2023.0,968565.0,61.0,0.22281932549699812,1.3934426229508197,0.2902112579413528,1.259087221317131,within-site consecutive annual change
