first_location,first_architecture,first_month,first_consumption_ml_day,first_pressure_p95_pct,second_location,second_architecture,second_month,second_consumption_ml_day,second_pressure_p95_pct,consumption_difference_pct,pressure_ratio,hydrology_source_ids,model_source_id
Council Bluffs,Water-cooled evaporative,6,17.81615391222984,0.0252018762350568,Seattle,Water-cooled evaporative,9,17.590738175367985,2.2074385722956293,1.265232316538976,87.59024731757852,USGS_06610000; USGS_12117500,LEI_MASANET_2022
Council Bluffs,Water-cooled evaporative,6,17.81615391222984,0.0252018762350568,Seattle,Water-cooled evaporative,8,17.708893461695116,2.1745776179476533,0.6020404351193651,86.28633827360562,USGS_06610000; USGS_12117500,LEI_MASANET_2022
Council Bluffs,Water-cooled evaporative,5,17.51495985985757,0.0263731574825628,Seattle,Water-cooled evaporative,9,17.590738175367985,2.2074385722956293,0.43078530733023357,83.70020062084437,USGS_06610000; USGS_12117500,LEI_MASANET_2022
Council Bluffs,Water-cooled evaporative,5,17.51495985985757,0.0263731574825628,Seattle,Water-cooled evaporative,8,17.708893461695116,2.1745776179476533,1.0951198179436268,82.45420061611597,USGS_06610000; USGS_12117500,LEI_MASANET_2022
Council Bluffs,Water-cooled evaporative,9,17.738677344656903,0.0268583640401175,Seattle,Water-cooled evaporative,9,17.590738175367985,2.2074385722956293,0.833992108963406,82.18812467499686,USGS_06610000; USGS_12117500,LEI_MASANET_2022
Council Bluffs,Water-cooled evaporative,7,18.099548338074445,0.0269996754768422,Seattle,Water-cooled evaporative,9,17.590738175367985,2.2074385722956293,2.8111760205425713,81.75796683885939,USGS_06610000; USGS_12117500,LEI_MASANET_2022
Council Bluffs,Water-cooled evaporative,9,17.738677344656903,0.0268583640401175,Seattle,Water-cooled evaporative,8,17.708893461695116,2.1745776179476533,0.16790362879427767,80.96463413406545,USGS_06610000; USGS_12117500,LEI_MASANET_2022
Council Bluffs,Water-cooled evaporative,7,18.099548338074445,0.0269996754768422,Seattle,Water-cooled evaporative,8,17.708893461695116,2.1745776179476533,2.158368093404535,80.54087982697433,USGS_06610000; USGS_12117500,LEI_MASANET_2022
Council Bluffs,Water-cooled evaporative,8,17.959874001573567,0.0277012126452436,Seattle,Water-cooled evaporative,9,17.590738175367985,2.2074385722956293,2.055336391409205,79.6874346464632,USGS_06610000; USGS_12117500,LEI_MASANET_2022
Council Bluffs,Water-cooled evaporative,4,17.322878630919362,0.0279860052292725,Seattle,Water-cooled evaporative,9,17.590738175367985,2.2074385722956293,1.522730551601876,78.87651539444137,USGS_06610000; USGS_12117500,LEI_MASANET_2022
Council Bluffs,Water-cooled evaporative,8,17.959874001573567,0.0277012126452436,Seattle,Water-cooled evaporative,8,17.708893461695116,2.1745776179476533,1.3974515626137558,78.5011705370608,USGS_06610000; USGS_12117500,LEI_MASANET_2022
Council Bluffs,Water-cooled evaporative,4,17.322878630919362,0.0279860052292725,Seattle,Water-cooled evaporative,8,17.708893461695116,2.1745776179476533,2.1797795080235556,77.70232300511086,USGS_06610000; USGS_12117500,LEI_MASANET_2022
Council Bluffs,Water-cooled evaporative,6,17.81615391222984,0.0252018762350568,Seattle,Water-cooled evaporative,7,17.641672799526734,1.6856059412636832,0.9793421945200733,66.88414487644135,USGS_06610000; USGS_12117500,LEI_MASANET_2022
Council Bluffs,Water-cooled evaporative,5,17.51495985985757,0.0263731574825628,Seattle,Water-cooled evaporative,7,17.641672799526734,1.6856059412636832,0.7182592099348104,63.9136949141626,USGS_06610000; USGS_12117500,LEI_MASANET_2022
Council Bluffs,Water-cooled evaporative,9,17.738677344656903,0.0268583640401175,Seattle,Water-cooled evaporative,7,17.641672799526734,1.6856059412636832,0.5468533151903096,62.75906971645579,USGS_06610000; USGS_12117500,LEI_MASANET_2022
Council Bluffs,Water-cooled evaporative,7,18.099548338074445,0.0269996754768422,Seattle,Water-cooled evaporative,7,17.641672799526734,1.6856059412636832,2.529762234920072,62.43060005330207,USGS_06610000; USGS_12117500,LEI_MASANET_2022
Council Bluffs,Water-cooled evaporative,6,17.81615391222984,0.0252018762350568,Seattle,Water-cooled evaporative,10,17.40923985865238,1.5614516299414214,2.2839612611234488,61.95775327907455,USGS_06610000; USGS_12117500,LEI_MASANET_2022
Council Bluffs,Water-cooled evaporative,8,17.959874001573567,0.0277012126452436,Seattle,Water-cooled evaporative,7,17.641672799526734,1.6856059412636832,1.7717340445648637,60.84953618639175,USGS_06610000; USGS_12117500,LEI_MASANET_2022
Council Bluffs,Water-cooled evaporative,4,17.322878630919362,0.0279860052292725,Seattle,Water-cooled evaporative,7,17.641672799526734,1.6856059412636832,1.8070518154940742,60.230316097439704,USGS_06610000; USGS_12117500,LEI_MASANET_2022
Council Bluffs,Water-cooled evaporative,5,17.51495985985757,0.0263731574825628,Seattle,Water-cooled evaporative,10,17.40923985865238,1.5614516299414214,0.6035983071105272,59.206093581089405,USGS_06610000; USGS_12117500,LEI_MASANET_2022
Council Bluffs,Water-cooled evaporative,9,17.738677344656903,0.0268583640401175,Seattle,Water-cooled evaporative,10,17.40923985865238,1.5614516299414214,1.8571705184307488,58.13651299122798,USGS_06610000; USGS_12117500,LEI_MASANET_2022
Council Bluffs,Water-cooled evaporative,6,17.81615391222984,0.0252018762350568,Seattle,Water-cooled evaporative,6,17.548201323721468,1.4555128445111398,1.5039867180561166,57.75414619672104,USGS_06610000; USGS_12117500,LEI_MASANET_2022
Council Bluffs,Water-cooled evaporative,4,17.322878630919362,0.0279860052292725,Seattle,Water-cooled evaporative,10,17.40923985865238,1.5614516299414214,0.49606547117619776,55.79401622880392,USGS_06610000; USGS_12117500,LEI_MASANET_2022
Council Bluffs,Water-cooled evaporative,5,17.51495985985757,0.0263731574825628,Seattle,Water-cooled evaporative,6,17.548201323721468,1.4555128445111398,0.18942946488175544,55.18917655094899,USGS_06610000; USGS_12117500,LEI_MASANET_2022
Council Bluffs,Water-cooled evaporative,10,17.354214119808915,0.0400988771947495,Seattle,Water-cooled evaporative,9,17.590738175367985,2.2074385722956293,1.344594258643848,55.049884852752655,USGS_06610000; USGS_12117500,LEI_MASANET_2022
Council Bluffs,Water-cooled evaporative,6,17.81615391222984,0.0252018762350568,Seattle,Water-cooled evaporative,5,17.454861151844938,1.379972735117141,2.0278942479100057,54.75674597582321,USGS_06610000; USGS_12117500,LEI_MASANET_2022
Council Bluffs,Water-cooled evaporative,10,17.354214119808915,0.0400988771947495,Seattle,Water-cooled evaporative,8,17.708893461695116,2.1745776179476533,2.002831755995272,54.23038673592561,USGS_06610000; USGS_12117500,LEI_MASANET_2022
Council Bluffs,Water-cooled evaporative,9,17.738677344656903,0.0268583640401175,Seattle,Water-cooled evaporative,6,17.548201323721468,1.4555128445111398,1.073789309284712,54.192163094412074,USGS_06610000; USGS_12117500,LEI_MASANET_2022
Council Bluffs,Water-cooled evaporative,8,17.959874001573567,0.0277012126452436,Seattle,Water-cooled evaporative,6,17.548201323721468,1.4555128445111398,2.2921802113758156,52.543289824572234,USGS_06610000; USGS_12117500,LEI_MASANET_2022
Council Bluffs,Water-cooled evaporative,5,17.51495985985757,0.0263731574825628,Seattle,Water-cooled evaporative,5,17.454861151844938,1.379972735117141,0.34312786608418944,52.32489647967031,USGS_06610000; USGS_12117500,LEI_MASANET_2022
Council Bluffs,Water-cooled evaporative,6,17.81615391222984,0.0252018762350568,Seattle,Water-cooled evaporative,4,17.354130306973452,1.3137358722983885,2.59328476579467,52.12849472179101,USGS_06610000; USGS_12117500,LEI_MASANET_2022
Council Bluffs,Water-cooled evaporative,4,17.322878630919362,0.0279860052292725,Seattle,Water-cooled evaporative,6,17.548201323721468,1.4555128445111398,1.284021585149681,52.0085961746594,USGS_06610000; USGS_12117500,LEI_MASANET_2022
Council Bluffs,Water-cooled evaporative,9,17.738677344656903,0.0268583640401175,Seattle,Water-cooled evaporative,5,17.454861151844938,1.379972735117141,1.5999850907568038,51.37962733157979,USGS_06610000; USGS_12117500,LEI_MASANET_2022
Council Bluffs,Water-cooled evaporative,8,17.959874001573567,0.0277012126452436,Seattle,Water-cooled evaporative,5,17.454861151844938,1.379972735117141,2.8118952821405228,49.81632944340028,USGS_06610000; USGS_12117500,LEI_MASANET_2022
Council Bluffs,Water-cooled evaporative,5,17.51495985985757,0.0263731574825628,Seattle,Water-cooled evaporative,4,17.354130306973452,1.3137358722983885,0.918241058905999,49.813370779247585,USGS_06610000; USGS_12117500,LEI_MASANET_2022
Council Bluffs,Water-cooled evaporative,6,17.81615391222984,0.0252018762350568,Seattle,Water-cooled evaporative,11,17.292650708839894,1.2495704990225598,2.9383626004184293,49.58243931395704,USGS_06610000; USGS_12117500,LEI_MASANET_2022
Council Bluffs,Water-cooled evaporative,4,17.322878630919362,0.0279860052292725,Seattle,Water-cooled evaporative,5,17.454861151844938,1.379972735117141,0.7561361833670338,49.309386023902114,USGS_06610000; USGS_12117500,LEI_MASANET_2022
Council Bluffs,Water-cooled evaporative,9,17.738677344656903,0.0268583640401175,Seattle,Water-cooled evaporative,4,17.354130306973452,1.3137358722983885,2.167845043978325,48.913473297781735,USGS_06610000; USGS_12117500,LEI_MASANET_2022
Council Bluffs,Water-cooled evaporative,5,17.51495985985757,0.0263731574825628,Seattle,Water-cooled evaporative,11,17.292650708839894,1.2495704990225598,1.269252985998471,47.380390453768804,USGS_06610000; USGS_12117500,LEI_MASANET_2022
Council Bluffs,Water-cooled evaporative,4,17.322878630919362,0.0279860052292725,Seattle,Water-cooled evaporative,4,17.354130306973452,1.3137358722983885,0.18008206404634547,46.94260082979836,USGS_06610000; USGS_12117500,LEI_MASANET_2022
Council Bluffs,Water-cooled evaporative,9,17.738677344656903,0.0268583640401175,Seattle,Water-cooled evaporative,11,17.292650708839894,1.2495704990225598,2.5144300623482394,46.52444568686743,USGS_06610000; USGS_12117500,LEI_MASANET_2022
Council Bluffs,Water-cooled evaporative,3,17.070105170738085,0.0476423525591946,Seattle,Water-cooled evaporative,9,17.590738175367985,2.2074385722956293,2.959699584176256,46.33353421313388,USGS_06610000; USGS_12117500,LEI_MASANET_2022
Council Bluffs,Water-cooled evaporative,5,17.51495985985757,0.0263731574825628,Seattle,Water-cooled evaporative,12,17.166734198946635,1.2174132739277843,1.9881613414886008,46.16107399095858,USGS_06610000; USGS_12117500,LEI_MASANET_2022
Council Bluffs,Water-cooled evaporative,5,17.51495985985757,0.0263731574825628,Seattle,Water-cooled evaporative,2,17.173377966103345,1.2003307510335863,1.950229383837148,45.51335014880989,USGS_06610000; USGS_12117500,LEI_MASANET_2022
Council Bluffs,Water-cooled evaporative,5,17.51495985985757,0.0263731574825628,Seattle,Water-cooled evaporative,1,17.125193144448993,1.1806652775159978,2.2253360471689154,44.767687687627884,USGS_06610000; USGS_12117500,LEI_MASANET_2022
Council Bluffs,Water-cooled evaporative,11,17.15337428313222,0.0493744861728748,Seattle,Water-cooled evaporative,9,17.590738175367985,2.2074385722956293,2.4863305216389326,44.708081914345975,USGS_06610000; USGS_12117500,LEI_MASANET_2022
Council Bluffs,Water-cooled evaporative,4,17.322878630919362,0.0279860052292725,Seattle,Water-cooled evaporative,11,17.292650708839894,1.2495704990225598,0.17449710711195188,44.649834400643485,USGS_06610000; USGS_12117500,LEI_MASANET_2022
Council Bluffs,Water-cooled evaporative,4,17.322878630919362,0.0279860052292725,Seattle,Water-cooled evaporative,12,17.166734198946635,1.2174132739277843,0.9013769322035612,43.500787767108946,USGS_06610000; USGS_12117500,LEI_MASANET_2022
Council Bluffs,Water-cooled evaporative,5,17.51495985985757,0.0263731574825628,Seattle,Water-cooled evaporative,3,17.249131712627936,1.1438702157795326,1.5177205620601146,43.372516792341905,USGS_06610000; USGS_12117500,LEI_MASANET_2022
Council Bluffs,Water-cooled evaporative,4,17.322878630919362,0.0279860052292725,Seattle,Water-cooled evaporative,2,17.173377966103345,1.2003307510335863,0.8630243737272133,42.8903925801485,USGS_06610000; USGS_12117500,LEI_MASANET_2022
Council Bluffs,Water-cooled evaporative,9,17.738677344656903,0.0268583640401175,Seattle,Water-cooled evaporative,3,17.249131712627936,1.1438702157795326,2.7597640033540856,42.58897578687106,USGS_06610000; USGS_12117500,LEI_MASANET_2022
Council Bluffs,Water-cooled evaporative,4,17.322878630919362,0.0279860052292725,Seattle,Water-cooled evaporative,1,17.125193144448993,1.1806652775159978,1.1411815015405327,42.187703026692006,USGS_06610000; USGS_12117500,LEI_MASANET_2022
Council Bluffs,Water-cooled evaporative,10,17.354214119808915,0.0400988771947495,Seattle,Water-cooled evaporative,7,17.641672799526734,1.6856059412636832,1.629429833465285,42.036237899558806,USGS_06610000; USGS_12117500,LEI_MASANET_2022
Council Bluffs,Water-cooled evaporative,4,17.322878630919362,0.0279860052292725,Seattle,Water-cooled evaporative,3,17.249131712627936,1.1438702157795326,0.42571976553479357,40.872936541263826,USGS_06610000; USGS_12117500,LEI_MASANET_2022
Council Bluffs,Water-cooled evaporative,10,17.354214119808915,0.0400988771947495,Seattle,Water-cooled evaporative,10,17.40923985865238,1.5614516299414214,0.3160720358282468,38.94003371610305,USGS_06610000; USGS_12117500,LEI_MASANET_2022
Council Bluffs,Water-cooled evaporative,10,17.354214119808915,0.0400988771947495,Seattle,Water-cooled evaporative,6,17.548201323721468,1.4555128445111398,1.1054534896993844,36.29809476814286,USGS_06610000; USGS_12117500,LEI_MASANET_2022
Council Bluffs,Water-cooled evaporative,10,17.354214119808915,0.0400988771947495,Seattle,Water-cooled evaporative,5,17.454861151844938,1.379972735117141,0.5766131919381327,34.41424876848754,USGS_06610000; USGS_12117500,LEI_MASANET_2022
Atlanta,Water-cooled evaporative,4,17.602846437659863,0.8648748435260727,Council Bluffs,Water-cooled evaporative,6,17.81615391222984,0.0252018762350568,1.1972700484112475,34.31787520339449,USGS_02336000; USGS_06610000,LEI_MASANET_2022
Council Bluffs,Water-cooled evaporative,11,17.15337428313222,0.0493744861728748,Seattle,Water-cooled evaporative,7,17.641672799526734,1.6856059412636832,2.76786970228591,34.139209780571164,USGS_06610000; USGS_12117500,LEI_MASANET_2022
Atlanta,Water-cooled evaporative,5,17.830684138680336,0.8268216358804037,Council Bluffs,Water-cooled evaporative,6,17.81615391222984,0.0252018762350568,0.08149001091312967,32.80793970134106,USGS_02336000; USGS_06610000,LEI_MASANET_2022
Atlanta,Water-cooled evaporative,4,17.602846437659863,0.8648748435260727,Council Bluffs,Water-cooled evaporative,5,17.51495985985757,0.0263731574825628,0.4992748082734389,32.79375418350662,USGS_02336000; USGS_06610000,LEI_MASANET_2022
Council Bluffs,Water-cooled evaporative,3,17.070105170738085,0.0476423525591946,Seattle,Water-cooled evaporative,10,17.40923985865238,1.5614516299414214,1.9480154829720844,32.77444429305525,USGS_06610000; USGS_12117500,LEI_MASANET_2022
Council Bluffs,Water-cooled evaporative,10,17.354214119808915,0.0400988771947495,Seattle,Water-cooled evaporative,4,17.354130306973452,1.3137358722983885,0.00048295379372624597,32.762410426554474,USGS_06610000; USGS_12117500,LEI_MASANET_2022
Atlanta,Water-cooled evaporative,4,17.602846437659863,0.8648748435260727,Council Bluffs,Water-cooled evaporative,9,17.738677344656903,0.0268583640401175,0.7657330045408005,32.20132254646025,USGS_02336000; USGS_06610000,LEI_MASANET_2022
Atlanta,Water-cooled evaporative,4,17.602846437659863,0.8648748435260727,Council Bluffs,Water-cooled evaporative,7,18.099548338074445,0.0269996754768422,2.7442778744357574,32.032786626190436,USGS_02336000; USGS_06610000,LEI_MASANET_2022
Atlanta,Water-cooled evaporative,3,17.41115935851971,0.8010068027762554,Council Bluffs,Water-cooled evaporative,6,17.81615391222984,0.0252018762350568,2.2731873315941753,31.783617826914945,USGS_02336000; USGS_06610000,LEI_MASANET_2022
Council Bluffs,Water-cooled evaporative,11,17.15337428313222,0.0493744861728748,Seattle,Water-cooled evaporative,10,17.40923985865238,1.5614516299414214,1.4697113578626253,31.624665914989244,USGS_06610000; USGS_12117500,LEI_MASANET_2022
Atlanta,Water-cooled evaporative,11,17.376695685310406,0.7927291293276406,Council Bluffs,Water-cooled evaporative,6,17.81615391222984,0.0252018762350568,2.4666279214043487,31.45516317649887,USGS_02336000; USGS_06610000,LEI_MASANET_2022
Atlanta,Water-cooled evaporative,5,17.830684138680336,0.8268216358804037,Council Bluffs,Water-cooled evaporative,5,17.51495985985757,0.0263731574825628,1.7706795564723297,31.350877741016607,USGS_02336000; USGS_06610000,LEI_MASANET_2022
Atlanta,Water-cooled evaporative,6,18.028496874075547,0.7898038468567355,Council Bluffs,Water-cooled evaporative,6,17.81615391222984,0.0252018762350568,1.1778184467006212,31.33908918091136,USGS_02336000; USGS_06610000,LEI_MASANET_2022
Atlanta,Water-cooled evaporative,4,17.602846437659863,0.8648748435260727,Council Bluffs,Water-cooled evaporative,8,17.959874001573567,0.0277012126452436,1.9879179769436162,31.22155172779322,USGS_02336000; USGS_06610000,LEI_MASANET_2022
Council Bluffs,Water-cooled evaporative,10,17.354214119808915,0.0400988771947495,Seattle,Water-cooled evaporative,11,17.292650708839894,1.2495704990225598,0.3547461760239007,31.162231624435037,USGS_06610000; USGS_12117500,LEI_MASANET_2022
Atlanta,Water-cooled evaporative,4,17.602846437659863,0.8648748435260727,Council Bluffs,Water-cooled evaporative,4,17.322878630919362,0.0279860052292725,1.590468949053221,30.90383341390361,USGS_02336000; USGS_06610000,LEI_MASANET_2022
Atlanta,Water-cooled evaporative,9,17.983196012479553,0.7762135543356912,Council Bluffs,Water-cooled evaporative,6,17.81615391222984,0.0252018762350568,0.9288788273997178,30.799832008378317,USGS_02336000; USGS_06610000,LEI_MASANET_2022
Atlanta,Water-cooled evaporative,5,17.830684138680336,0.8268216358804037,Council Bluffs,Water-cooled evaporative,9,17.738677344656903,0.0268583640401175,0.5160026015145528,30.784512215465025,USGS_02336000; USGS_06610000,LEI_MASANET_2022
Atlanta,Water-cooled evaporative,5,17.830684138680336,0.8268216358804037,Council Bluffs,Water-cooled evaporative,7,18.099548338074445,0.0269996754768422,1.4854746337980311,30.62339162519098,USGS_02336000; USGS_06610000,LEI_MASANET_2022
Council Bluffs,Water-cooled evaporative,3,17.070105170738085,0.0476423525591946,Seattle,Water-cooled evaporative,6,17.548201323721468,1.4555128445111398,2.7244738316120065,30.550818050025896,USGS_06610000; USGS_12117500,LEI_MASANET_2022
Atlanta,Water-cooled evaporative,8,18.243874995696743,0.7660284885937908,Council Bluffs,Water-cooled evaporative,6,17.81615391222984,0.0252018762350568,2.3444640108956625,30.395692822592913,USGS_02336000; USGS_06610000,LEI_MASANET_2022
Atlanta,Water-cooled evaporative,3,17.41115935851971,0.8010068027762554,Council Bluffs,Water-cooled evaporative,5,17.51495985985757,0.0263731574825628,0.5926391049045893,30.37204791674485,USGS_02336000; USGS_06610000,LEI_MASANET_2022
Council Bluffs,Water-cooled evaporative,10,17.354214119808915,0.0400988771947495,Seattle,Water-cooled evaporative,12,17.166734198946635,1.2174132739277843,1.0803135167514268,30.360283356941252,USGS_06610000; USGS_12117500,LEI_MASANET_2022
Atlanta,Water-cooled evaporative,1,17.065796158191247,0.7971616790451956,Council Bluffs,Water-cooled evaporative,5,17.51495985985757,0.0263731574825628,2.5644574995330562,30.226251049850852,USGS_02336000; USGS_06610000,LEI_MASANET_2022
Atlanta,Water-cooled evaporative,7,18.187990649858357,0.7582102707736409,Council Bluffs,Water-cooled evaporative,6,17.81615391222984,0.0252018762350568,2.044408009586327,30.085469181018382,USGS_02336000; USGS_06610000,LEI_MASANET_2022
Atlanta,Water-cooled evaporative,11,17.376695685310406,0.7927291293276406,Council Bluffs,Water-cooled evaporative,5,17.51495985985757,0.0263731574825628,0.7894061742273849,30.05818055163744,USGS_02336000; USGS_06610000,LEI_MASANET_2022
Atlanta,Climate-responsive hybrid,10,3.1461787459879296,0.133967433448586,Council Bluffs,Climate-responsive hybrid,6,3.1580803311717047,0.0044672688639001,0.3768613820966185,29.988665900808847,USGS_02336000; USGS_06610000,LEI_MASANET_2022
Atlanta,Water-cooled evaporative,6,18.028496874075547,0.7898038468567355,Council Bluffs,Water-cooled evaporative,5,17.51495985985757,0.0263731574825628,2.848473823441313,29.94726161927831,USGS_02336000; USGS_06610000,LEI_MASANET_2022
Council Bluffs,Water-cooled evaporative,10,17.354214119808915,0.0400988771947495,Seattle,Water-cooled evaporative,2,17.173377966103345,1.2003307510335863,1.0420302092455769,29.934273351443274,USGS_06610000; USGS_12117500,LEI_MASANET_2022
Atlanta,Water-cooled evaporative,5,17.830684138680336,0.8268216358804037,Council Bluffs,Water-cooled evaporative,8,17.959874001573567,0.0277012126452436,0.7193249957205257,29.847849856579185,USGS_02336000; USGS_06610000,LEI_MASANET_2022
Atlanta,Water-cooled evaporative,3,17.41115935851971,0.8010068027762554,Council Bluffs,Water-cooled evaporative,9,17.738677344656903,0.0268583640401175,1.8463495320063645,29.823365324105986,USGS_02336000; USGS_06610000,LEI_MASANET_2022
Atlanta,Water-cooled evaporative,10,17.631360911378515,0.7507609580400378,Council Bluffs,Water-cooled evaporative,6,17.81615391222984,0.0252018762350568,1.0372216234867317,29.78988354032546,USGS_02336000; USGS_06610000,LEI_MASANET_2022
Atlanta,Water-cooled evaporative,2,17.19450877402098,0.7840678433968516,Council Bluffs,Water-cooled evaporative,5,17.51495985985757,0.0263731574825628,1.8295850427326856,29.729767621311765,USGS_02336000; USGS_06610000,LEI_MASANET_2022
Atlanta,Water-cooled evaporative,5,17.830684138680336,0.8268216358804037,Council Bluffs,Water-cooled evaporative,4,17.322878630919362,0.0279860052292725,2.847930588705707,29.544110676273785,USGS_02336000; USGS_06610000,LEI_MASANET_2022
Atlanta,Water-cooled evaporative,11,17.376695685310406,0.7927291293276406,Council Bluffs,Water-cooled evaporative,9,17.738677344656903,0.0268583640401175,2.0406350051546016,29.51516809227717,USGS_02336000; USGS_06610000,LEI_MASANET_2022
Council Bluffs,Water-cooled evaporative,11,17.15337428313222,0.0493744861728748,Seattle,Water-cooled evaporative,6,17.548201323721468,1.4555128445111398,2.2499573221531586,29.47904793206263,USGS_06610000; USGS_12117500,LEI_MASANET_2022
Council Bluffs,Water-cooled evaporative,10,17.354214119808915,0.0400988771947495,Seattle,Water-cooled evaporative,1,17.125193144448993,1.1806652775159978,1.3196850850106059,29.44384880857943,USGS_06610000; USGS_12117500,LEI_MASANET_2022
Atlanta,Water-cooled evaporative,9,17.983196012479553,0.7762135543356912,Council Bluffs,Water-cooled evaporative,5,17.51495985985757,0.0263731574825628,2.603742695664598,29.431953866309033,USGS_02336000; USGS_06610000,LEI_MASANET_2022
Atlanta,Water-cooled evaporative,6,18.028496874075547,0.7898038468567355,Council Bluffs,Water-cooled evaporative,9,17.738677344656903,0.0268583640401175,1.6075634671207433,29.40625295260092,USGS_02336000; USGS_06610000,LEI_MASANET_2022
Atlanta,Water-cooled evaporative,12,17.20455766710506,0.7745463045407869,Council Bluffs,Water-cooled evaporative,5,17.51495985985757,0.0263731574825628,1.7722118419689779,29.368736187651987,USGS_02336000; USGS_06610000,LEI_MASANET_2022
Atlanta,Water-cooled evaporative,6,18.028496874075547,0.7898038468567355,Council Bluffs,Water-cooled evaporative,7,18.099548338074445,0.0269996754768422,0.3925593206623495,29.25234592297806,USGS_02336000; USGS_06610000,LEI_MASANET_2022
Council Bluffs,Water-cooled evaporative,3,17.070105170738085,0.0476423525591946,Seattle,Water-cooled evaporative,5,17.454861151844938,1.379972735117141,2.2042912731287183,28.965251734841484,USGS_06610000; USGS_12117500,LEI_MASANET_2022
Atlanta,Water-cooled evaporative,9,17.983196012479553,0.7762135543356912,Council Bluffs,Water-cooled evaporative,9,17.738677344656903,0.0268583640401175,1.3597064039838336,28.900254430101747,USGS_02336000; USGS_06610000,LEI_MASANET_2022
Atlanta,Water-cooled evaporative,9,17.983196012479553,0.7762135543356912,Council Bluffs,Water-cooled evaporative,7,18.099548338074445,0.0269996754768422,0.6428465695474408,28.74899570557634,USGS_02336000; USGS_06610000,LEI_MASANET_2022
Atlanta,Water-cooled evaporative,3,17.41115935851971,0.8010068027762554,Council Bluffs,Water-cooled evaporative,4,17.322878630919362,0.0279860052292725,0.5070353201790153,28.621691313715143,USGS_02336000; USGS_06610000,LEI_MASANET_2022
Council Bluffs,Water-cooled evaporative,10,17.354214119808915,0.0400988771947495,Seattle,Water-cooled evaporative,3,17.249131712627936,1.1438702157795326,0.6055152163936594,28.526240528483168,USGS_06610000; USGS_12117500,LEI_MASANET_2022
Atlanta,Water-cooled evaporative,8,18.243874995696743,0.7660284885937908,Council Bluffs,Water-cooled evaporative,9,17.738677344656903,0.0268583640401175,2.7691356751731897,28.521040501558396,USGS_02336000; USGS_06610000,LEI_MASANET_2022
Atlanta,Water-cooled evaporative,6,18.028496874075547,0.7898038468567355,Council Bluffs,Water-cooled evaporative,8,17.959874001573567,0.0277012126452436,0.38063557367701134,28.511526082680273,USGS_02336000; USGS_06610000,LEI_MASANET_2022
Atlanta,Water-cooled evaporative,1,17.065796158191247,0.7971616790451956,Council Bluffs,Water-cooled evaporative,4,17.322878630919362,0.0279860052292725,1.4840632334007813,28.484296794577492,USGS_02336000; USGS_06610000,LEI_MASANET_2022
Atlanta,Water-cooled evaporative,10,17.631360911378515,0.7507609580400378,Council Bluffs,Water-cooled evaporative,5,17.51495985985757,0.0263731574825628,0.6601932324227184,28.46685909855201,USGS_02336000; USGS_06610000,LEI_MASANET_2022
Atlanta,Water-cooled evaporative,8,18.243874995696743,0.7660284885937908,Council Bluffs,Water-cooled evaporative,7,18.099548338074445,0.0269996754768422,0.7910965058483485,28.37176651440935,USGS_02336000; USGS_06610000,LEI_MASANET_2022
Atlanta,Water-cooled evaporative,11,17.376695685310406,0.7927291293276406,Council Bluffs,Water-cooled evaporative,4,17.322878630919362,0.0279860052292725,0.30970821706072754,28.32591228484694,USGS_02336000; USGS_06610000,LEI_MASANET_2022
Atlanta,Water-cooled evaporative,7,18.187990649858357,0.7582102707736409,Council Bluffs,Water-cooled evaporative,9,17.738677344656903,0.0268583640401175,2.4703845182862607,28.22994988232068,USGS_02336000; USGS_06610000,LEI_MASANET_2022
Atlanta,Water-cooled evaporative,7,18.187990649858357,0.7582102707736409,Council Bluffs,Water-cooled evaporative,7,18.099548338074445,0.0269996754768422,0.4862676338829107,28.08219941102488,USGS_02336000; USGS_06610000,LEI_MASANET_2022
Atlanta,Water-cooled evaporative,9,17.983196012479553,0.7762135543356912,Council Bluffs,Water-cooled evaporative,8,17.959874001573567,0.0277012126452436,0.12968779792980778,28.020923281456774,USGS_02336000; USGS_06610000,LEI_MASANET_2022
Atlanta,Water-cooled evaporative,2,17.19450877402098,0.7840678433968516,Council Bluffs,Water-cooled evaporative,4,17.322878630919362,0.0279860052292725,0.7410422922969357,28.016425959098328,USGS_02336000; USGS_06610000,LEI_MASANET_2022
Atlanta,Climate-responsive hybrid,12,0.5512605886845628,0.0248176593706319,Council Bluffs,Climate-responsive hybrid,4,0.5489290310194866,0.0008868232041521,0.4229501823520242,27.984900772144655,USGS_02336000; USGS_06610000,LEI_MASANET_2022
Atlanta,Water-cooled evaporative,10,17.631360911378515,0.7507609580400378,Council Bluffs,Water-cooled evaporative,9,17.738677344656903,0.0268583640401175,0.6049855420066774,27.952594466239628,USGS_02336000; USGS_06610000,LEI_MASANET_2022
Council Bluffs,Water-cooled evaporative,11,17.15337428313222,0.0493744861728748,Seattle,Water-cooled evaporative,5,17.454861151844938,1.379972735117141,1.7272372784291778,27.949105744319947,USGS_06610000; USGS_12117500,LEI_MASANET_2022
Council Bluffs,Water-cooled evaporative,2,16.84823400219893,0.0470552009074579,Seattle,Water-cooled evaporative,4,17.354130306973452,1.3137358722983885,2.915134874671525,27.919036513776124,USGS_06610000; USGS_12117500,LEI_MASANET_2022
Atlanta,Water-cooled evaporative,10,17.631360911378515,0.7507609580400378,Council Bluffs,Water-cooled evaporative,7,18.099548338074445,0.0269996754768422,2.5867354143365295,27.806295623218528,USGS_02336000; USGS_06610000,LEI_MASANET_2022
Atlanta,Water-cooled evaporative,12,17.20455766710506,0.7745463045407869,Council Bluffs,Water-cooled evaporative,4,17.322878630919362,0.0279860052292725,0.6830329204241637,27.676200950989433,USGS_02336000; USGS_06610000,LEI_MASANET_2022
Atlanta,Water-cooled evaporative,8,18.243874995696743,0.7660284885937908,Council Bluffs,Water-cooled evaporative,8,17.959874001573567,0.0277012126452436,1.556692282698517,27.653247473457473,USGS_02336000; USGS_06610000,LEI_MASANET_2022
Council Bluffs,Water-cooled evaporative,3,17.070105170738085,0.0476423525591946,Seattle,Water-cooled evaporative,4,17.354130306973452,1.3137358722983885,1.636642869514683,27.574958030590533,USGS_06610000; USGS_12117500,LEI_MASANET_2022
Atlanta,Climate-responsive hybrid,9,7.534804240980947,0.3252267937833061,Council Bluffs,Climate-responsive hybrid,8,7.690603497199346,0.0118619452913482,2.0258391461103953,27.417660914396414,USGS_02336000; USGS_06610000,LEI_MASANET_2022
Atlanta,Water-cooled evaporative,7,18.187990649858357,0.7582102707736409,Council Bluffs,Water-cooled evaporative,8,17.959874001573567,0.0277012126452436,1.2542157771923306,27.37101369834177,USGS_02336000; USGS_06610000,LEI_MASANET_2022
Atlanta,Water-cooled evaporative,10,17.631360911378515,0.7507609580400378,Council Bluffs,Water-cooled evaporative,8,17.959874001573567,0.0277012126452436,1.8291503056550924,27.10209721338485,USGS_02336000; USGS_06610000,LEI_MASANET_2022
Council Bluffs,Water-cooled evaporative,12,16.817773013971404,0.0461342630644143,Seattle,Water-cooled evaporative,11,17.292650708839894,1.2495704990225598,2.7461243673055558,27.085519872244735,USGS_06610000; USGS_12117500,LEI_MASANET_2022
Council Bluffs,Water-cooled evaporative,1,16.788776887151638,0.0462258706257921,Seattle,Water-cooled evaporative,11,17.292650708839894,1.2495704990225598,2.9138032692158555,27.031843470036275,USGS_06610000; USGS_12117500,LEI_MASANET_2022
Atlanta,Water-cooled evaporative,10,17.631360911378515,0.7507609580400378,Council Bluffs,Water-cooled evaporative,4,17.322878630919362,0.0279860052292725,1.749622629867848,26.826299498249394,USGS_02336000; USGS_06610000,LEI_MASANET_2022
Council Bluffs,Water-cooled evaporative,11,17.15337428313222,0.0493744861728748,Seattle,Water-cooled evaporative,4,17.354130306973452,1.3137358722983885,1.1568198480137195,26.607585701218387,USGS_06610000; USGS_12117500,LEI_MASANET_2022
Council Bluffs,Water-cooled evaporative,2,16.84823400219893,0.0470552009074579,Seattle,Water-cooled evaporative,11,17.292650708839894,1.2495704990225598,2.5699744598078405,26.55541735928519,USGS_06610000; USGS_12117500,LEI_MASANET_2022
Council Bluffs,Water-cooled evaporative,12,16.817773013971404,0.0461342630644143,Seattle,Water-cooled evaporative,12,17.166734198946635,1.2174132739277843,2.0327756050224353,26.38848424278477,USGS_06610000; USGS_12117500,LEI_MASANET_2022
Council Bluffs,Water-cooled evaporative,1,16.788776887151638,0.0462258706257921,Seattle,Water-cooled evaporative,12,17.166734198946635,1.2174132739277843,2.2016844171688117,26.33618918252496,USGS_06610000; USGS_12117500,LEI_MASANET_2022
Council Bluffs,Water-cooled evaporative,3,17.070105170738085,0.0476423525591946,Seattle,Water-cooled evaporative,11,17.292650708839894,1.2495704990225598,1.2869371032171764,26.228144327465678,USGS_06610000; USGS_12117500,LEI_MASANET_2022
Council Bluffs,Water-cooled evaporative,12,16.817773013971404,0.0461342630644143,Seattle,Water-cooled evaporative,2,17.173377966103345,1.2003307510335863,2.070675628486316,26.018205804168623,USGS_06610000; USGS_12117500,LEI_MASANET_2022
Council Bluffs,Water-cooled evaporative,1,16.788776887151638,0.0462258706257921,Seattle,Water-cooled evaporative,2,17.173377966103345,1.2003307510335863,2.2395190958402558,25.966644538736972,USGS_06610000; USGS_12117500,LEI_MASANET_2022
Council Bluffs,Water-cooled evaporative,2,16.84823400219893,0.0470552009074579,Seattle,Water-cooled evaporative,12,17.166734198946635,1.2174132739277843,1.855333653195666,25.872023717889032,USGS_06610000; USGS_12117500,LEI_MASANET_2022
Council Bluffs,Water-cooled evaporative,12,16.817773013971404,0.0461342630644143,Seattle,Water-cooled evaporative,1,17.125193144448993,1.1806652775159978,1.7951338001535846,25.59193967978877,USGS_06610000; USGS_12117500,LEI_MASANET_2022
Council Bluffs,Water-cooled evaporative,3,17.070105170738085,0.0476423525591946,Seattle,Water-cooled evaporative,12,17.166734198946635,1.2174132739277843,0.5628853286170149,25.553172934001832,USGS_06610000; USGS_12117500,LEI_MASANET_2022
Council Bluffs,Water-cooled evaporative,1,16.788776887151638,0.0462258706257921,Seattle,Water-cooled evaporative,1,17.125193144448993,1.1806652775159978,1.9644523390756716,25.541223162106025,USGS_06610000; USGS_12117500,LEI_MASANET_2022
Council Bluffs,Water-cooled evaporative,2,16.84823400219893,0.0470552009074579,Seattle,Water-cooled evaporative,2,17.173377966103345,1.2003307510335863,1.893302322619246,25.508992159957877,USGS_06610000; USGS_12117500,LEI_MASANET_2022
Council Bluffs,Water-cooled evaporative,11,17.15337428313222,0.0493744861728748,Seattle,Water-cooled evaporative,11,17.292650708839894,1.2495704990225598,0.8054081936465469,25.308020313314064,USGS_06610000; USGS_12117500,LEI_MASANET_2022
Council Bluffs,Water-cooled evaporative,3,17.070105170738085,0.0476423525591946,Seattle,Water-cooled evaporative,2,17.173377966103345,1.2003307510335863,0.6013540001803911,25.19461543260697,USGS_06610000; USGS_12117500,LEI_MASANET_2022
Council Bluffs,Water-cooled evaporative,2,16.84823400219893,0.0470552009074579,Seattle,Water-cooled evaporative,1,17.125193144448993,1.1806652775159978,1.617261422478252,25.091068675659848,USGS_06610000; USGS_12117500,LEI_MASANET_2022
Council Bluffs,Water-cooled evaporative,12,16.817773013971404,0.0461342630644143,Seattle,Water-cooled evaporative,3,17.249131712627936,1.1438702157795326,2.5007560139432257,24.79437493522808,USGS_06610000; USGS_12117500,LEI_MASANET_2022
Council Bluffs,Water-cooled evaporative,3,17.070105170738085,0.0476423525591946,Seattle,Water-cooled evaporative,1,17.125193144448993,1.1806652775159978,0.32167797026431877,24.781842501355207,USGS_06610000; USGS_12117500,LEI_MASANET_2022
Council Bluffs,Water-cooled evaporative,1,16.788776887151638,0.0462258706257921,Seattle,Water-cooled evaporative,3,17.249131712627936,1.1438702157795326,2.668857964249157,24.74523898185491,USGS_06610000; USGS_12117500,LEI_MASANET_2022
Council Bluffs,Water-cooled evaporative,11,17.15337428313222,0.0493744861728748,Seattle,Water-cooled evaporative,12,17.166734198946635,1.2174132739277843,0.07782444616190033,24.656727964018852,USGS_06610000; USGS_12117500,LEI_MASANET_2022
Council Bluffs,Water-cooled evaporative,11,17.15337428313222,0.0493744861728748,Seattle,Water-cooled evaporative,2,17.173377966103345,1.2003307510335863,0.11648077047281527,24.310749216323394,USGS_06610000; USGS_12117500,LEI_MASANET_2022
Council Bluffs,Water-cooled evaporative,2,16.84823400219893,0.0470552009074579,Seattle,Water-cooled evaporative,3,17.249131712627936,1.1438702157795326,2.324161685979319,24.309113418283964,USGS_06610000; USGS_12117500,LEI_MASANET_2022
Council Bluffs,Water-cooled evaporative,3,17.070105170738085,0.0476423525591946,Seattle,Water-cooled evaporative,3,17.249131712627936,1.1438702157795326,1.0378872680228126,24.009524180366586,USGS_06610000; USGS_12117500,LEI_MASANET_2022
Council Bluffs,Water-cooled evaporative,11,17.15337428313222,0.0493744861728748,Seattle,Water-cooled evaporative,1,17.125193144448993,1.1806652775159978,0.16428918426235609,23.912457000203233,USGS_06610000; USGS_12117500,LEI_MASANET_2022
Council Bluffs,Water-cooled evaporative,11,17.15337428313222,0.0493744861728748,Seattle,Water-cooled evaporative,3,17.249131712627936,1.1438702157795326,0.5551434767328783,23.167232804702046,USGS_06610000; USGS_12117500,LEI_MASANET_2022
Atlanta,Water-cooled evaporative,4,17.602846437659863,0.8648748435260727,Council Bluffs,Water-cooled evaporative,10,17.354214119808915,0.0400988771947495,1.4124551886052887,21.568555132494293,USGS_02336000; USGS_06610000,LEI_MASANET_2022
Atlanta,Water-cooled evaporative,5,17.830684138680336,0.8268216358804037,Council Bluffs,Water-cooled evaporative,10,17.354214119808915,0.0400988771947495,2.6721914603254517,20.619570764157626,USGS_02336000; USGS_06610000,LEI_MASANET_2022
Atlanta,Water-cooled evaporative,3,17.41115935851971,0.8010068027762554,Council Bluffs,Water-cooled evaporative,10,17.354214119808915,0.0400988771947495,0.32706172827561364,19.975791314205132,USGS_02336000; USGS_06610000,LEI_MASANET_2022
Atlanta,Water-cooled evaporative,1,17.065796158191247,0.7971616790451956,Council Bluffs,Water-cooled evaporative,10,17.354214119808915,0.0400988771947495,1.6619476953926384,19.879900256897344,USGS_02336000; USGS_06610000,LEI_MASANET_2022
Atlanta,Water-cooled evaporative,11,17.376695685310406,0.7927291293276406,Council Bluffs,Water-cooled evaporative,10,17.354214119808915,0.0400988771947495,0.12937767863711344,19.76935976230875,USGS_02336000; USGS_06610000,LEI_MASANET_2022
Atlanta,Water-cooled evaporative,2,17.19450877402098,0.7840678433968516,Council Bluffs,Water-cooled evaporative,10,17.354214119808915,0.0400988771947495,0.9202683837215012,19.553361546480325,USGS_02336000; USGS_06610000,LEI_MASANET_2022
Atlanta,Water-cooled evaporative,12,17.20455766710506,0.7745463045407869,Council Bluffs,Water-cooled evaporative,10,17.354214119808915,0.0400988771947495,0.8623637559768851,19.315910038553525,USGS_02336000; USGS_06610000,LEI_MASANET_2022
Atlanta,Water-cooled evaporative,10,17.631360911378515,0.7507609580400378,Council Bluffs,Water-cooled evaporative,10,17.354214119808915,0.0400988771947495,1.5718967637418209,18.72274264423398,USGS_02336000; USGS_06610000,LEI_MASANET_2022
Atlanta,Water-cooled evaporative,4,17.602846437659863,0.8648748435260727,Council Bluffs,Water-cooled evaporative,11,17.15337428313222,0.0493744861728748,2.553406098947923,17.51663481616574,USGS_02336000; USGS_06610000,LEI_MASANET_2022
Atlanta,Water-cooled evaporative,1,17.065796158191247,0.7971616790451956,Council Bluffs,Water-cooled evaporative,12,16.817773013971404,0.0461342630644143,1.4533347399722503,17.279167934950433,USGS_02336000; USGS_06610000,LEI_MASANET_2022
Atlanta,Water-cooled evaporative,1,17.065796158191247,0.7971616790451956,Council Bluffs,Water-cooled evaporative,1,16.788776887151638,0.0462258706257921,1.623242586936946,17.24492515237588,USGS_02336000; USGS_06610000,LEI_MASANET_2022
Atlanta,Water-cooled evaporative,2,17.19450877402098,0.7840678433968516,Council Bluffs,Water-cooled evaporative,12,16.817773013971404,0.0461342630644143,2.1910236866945776,16.99534773758298,USGS_02336000; USGS_06610000,LEI_MASANET_2022
Atlanta,Water-cooled evaporative,2,17.19450877402098,0.7840678433968516,Council Bluffs,Water-cooled evaporative,1,16.788776887151638,0.0462258706257921,2.3596596576365125,16.96166741226015,USGS_02336000; USGS_06610000,LEI_MASANET_2022
Atlanta,Water-cooled evaporative,1,17.065796158191247,0.7971616790451956,Council Bluffs,Water-cooled evaporative,2,16.84823400219893,0.0470552009074579,1.2748432828777994,16.940989809244474,USGS_02336000; USGS_06610000,LEI_MASANET_2022
Atlanta,Water-cooled evaporative,3,17.41115935851971,0.8010068027762554,Council Bluffs,Water-cooled evaporative,3,17.070105170738085,0.0476423525591946,1.9588252611951438,16.81291455498596,USGS_02336000; USGS_06610000,LEI_MASANET_2022
Atlanta,Water-cooled evaporative,12,17.20455766710506,0.7745463045407869,Council Bluffs,Water-cooled evaporative,12,16.817773013971404,0.0461342630644143,2.2481522664961298,16.788960158729267,USGS_02336000; USGS_06610000,LEI_MASANET_2022
Atlanta,Water-cooled evaporative,12,17.20455766710506,0.7745463045407869,Council Bluffs,Water-cooled evaporative,1,16.788776887151638,0.0462258706257921,2.4166897400006464,16.755688839500678,USGS_02336000; USGS_06610000,LEI_MASANET_2022
Atlanta,Water-cooled evaporative,1,17.065796158191247,0.7971616790451956,Council Bluffs,Water-cooled evaporative,3,17.070105170738085,0.0476423525591946,0.02524303455507738,16.732206455479698,USGS_02336000; USGS_06610000,LEI_MASANET_2022
Atlanta,Water-cooled evaporative,2,17.19450877402098,0.7840678433968516,Council Bluffs,Water-cooled evaporative,2,16.84823400219893,0.0470552009074579,2.013868359794238,16.662724380645088,USGS_02336000; USGS_06610000,LEI_MASANET_2022
Atlanta,Water-cooled evaporative,11,17.376695685310406,0.7927291293276406,Council Bluffs,Water-cooled evaporative,3,17.070105170738085,0.0476423525591946,1.7643775325564375,16.639168444561836,USGS_02336000; USGS_06610000,LEI_MASANET_2022
Atlanta,Water-cooled evaporative,12,17.20455766710506,0.7745463045407869,Council Bluffs,Water-cooled evaporative,2,16.84823400219893,0.0470552009074579,2.071100413045892,16.460376103038318,USGS_02336000; USGS_06610000,LEI_MASANET_2022
Atlanta,Water-cooled evaporative,2,17.19450877402098,0.7840678433968516,Council Bluffs,Water-cooled evaporative,3,17.070105170738085,0.0476423525591946,0.7235077484205701,16.45737041265257,USGS_02336000; USGS_06610000,LEI_MASANET_2022
Atlanta,Water-cooled evaporative,12,17.20455766710506,0.7745463045407869,Council Bluffs,Water-cooled evaporative,3,17.070105170738085,0.0476423525591946,0.7814934796263164,16.25751590621873,USGS_02336000; USGS_06610000,LEI_MASANET_2022
Atlanta,Water-cooled evaporative,3,17.41115935851971,0.8010068027762554,Council Bluffs,Water-cooled evaporative,11,17.15337428313222,0.0493744861728748,1.4805738669053725,16.223091415507426,USGS_02336000; USGS_06610000,LEI_MASANET_2022
Atlanta,Water-cooled evaporative,1,17.065796158191247,0.7971616790451956,Council Bluffs,Water-cooled evaporative,11,17.15337428313222,0.0493744861728748,0.5105591675166322,16.1452146814064,USGS_02336000; USGS_06610000,LEI_MASANET_2022
Atlanta,Water-cooled evaporative,11,17.376695685310406,0.7927291293276406,Council Bluffs,Water-cooled evaporative,11,17.15337428313222,0.0493744861728748,1.2851776092676443,16.055440588324494,USGS_02336000; USGS_06610000,LEI_MASANET_2022
Atlanta,Water-cooled evaporative,2,17.19450877402098,0.7840678433968516,Council Bluffs,Water-cooled evaporative,11,17.15337428313222,0.0493744861728748,0.23923039285025574,15.880020313560253,USGS_02336000; USGS_06610000,LEI_MASANET_2022
Atlanta,Water-cooled evaporative,12,17.20455766710506,0.7745463045407869,Council Bluffs,Water-cooled evaporative,11,17.15337428313222,0.0493744861728748,0.2974989823231734,15.687177013424895,USGS_02336000; USGS_06610000,LEI_MASANET_2022
Atlanta,Climate-responsive hybrid,11,1.7671340336477637,0.0806170890754026,Council Bluffs,Climate-responsive hybrid,11,1.789800556257434,0.0051517842121614,1.2664272860137644,15.648382338122076,USGS_02336000; USGS_06610000,LEI_MASANET_2022
Atlanta,Water-cooled evaporative,10,17.631360911378515,0.7507609580400378,Council Bluffs,Water-cooled evaporative,11,17.15337428313222,0.0493744861728748,2.7110024611760037,15.205443463480306,USGS_02336000; USGS_06610000,LEI_MASANET_2022
Atlanta,Water-cooled evaporative,10,17.631360911378515,0.7507609580400378,Seattle,Water-cooled evaporative,9,17.590738175367985,2.2074385722956293,0.23040045640670676,2.940268202089842,USGS_02336000; USGS_12117500,LEI_MASANET_2022
Atlanta,Water-cooled evaporative,10,17.631360911378515,0.7507609580400378,Seattle,Water-cooled evaporative,8,17.708893461695116,2.1745776179476533,0.4378170238829783,2.8964980060027092,USGS_02336000; USGS_12117500,LEI_MASANET_2022
Atlanta,Water-cooled evaporative,7,18.187990649858357,0.7582102707736409,Seattle,Water-cooled evaporative,8,17.708893461695116,2.1745776179476533,2.634140281829164,2.8680403072472496,USGS_02336000; USGS_12117500,LEI_MASANET_2022
Atlanta,Water-cooled evaporative,12,17.20455766710506,0.7745463045407869,Seattle,Water-cooled evaporative,9,17.590738175367985,2.2074385722956293,2.1953627210692424,2.84997624977938,USGS_02336000; USGS_12117500,LEI_MASANET_2022
Atlanta,Water-cooled evaporative,9,17.983196012479553,0.7762135543356912,Seattle,Water-cooled evaporative,9,17.590738175367985,2.2074385722956293,2.1823586688329444,2.843854709783865,USGS_02336000; USGS_12117500,LEI_MASANET_2022
Atlanta,Water-cooled evaporative,8,18.243874995696743,0.7660284885937908,Seattle,Water-cooled evaporative,8,17.708893461695116,2.1745776179476533,2.9323898246826143,2.8387685971569487,USGS_02336000; USGS_12117500,LEI_MASANET_2022
Atlanta,Water-cooled evaporative,2,17.19450877402098,0.7840678433968516,Seattle,Water-cooled evaporative,9,17.590738175367985,2.2074385722956293,2.252488766513715,2.8153667962357005,USGS_02336000; USGS_12117500,LEI_MASANET_2022
Atlanta,Water-cooled evaporative,12,17.20455766710506,0.7745463045407869,Seattle,Water-cooled evaporative,8,17.708893461695116,2.1745776179476533,2.8479238168152587,2.807550181569735,USGS_02336000; USGS_12117500,LEI_MASANET_2022
Atlanta,Water-cooled evaporative,9,17.983196012479553,0.7762135543356912,Seattle,Water-cooled evaporative,8,17.708893461695116,2.1745776179476533,1.525327036384874,2.801519769657627,USGS_02336000; USGS_12117500,LEI_MASANET_2022
Atlanta,Water-cooled evaporative,6,18.028496874075547,0.7898038468567355,Seattle,Water-cooled evaporative,9,17.590738175367985,2.2074385722956293,2.4281486236217833,2.7949200058733594,USGS_02336000; USGS_12117500,LEI_MASANET_2022
Atlanta,Water-cooled evaporative,11,17.376695685310406,0.7927291293276406,Seattle,Water-cooled evaporative,9,17.590738175367985,2.2074385722956293,1.2167908357438892,2.7846063562315235,USGS_02336000; USGS_12117500,LEI_MASANET_2022
Atlanta,Water-cooled evaporative,2,17.19450877402098,0.7840678433968516,Seattle,Water-cooled evaporative,8,17.708893461695116,2.1745776179476533,2.9046687122872146,2.7734559404025996,USGS_02336000; USGS_12117500,LEI_MASANET_2022
Atlanta,Water-cooled evaporative,1,17.065796158191247,0.7971616790451956,Seattle,Water-cooled evaporative,9,17.590738175367985,2.2074385722956293,2.984195500742573,2.7691227894190797,USGS_02336000; USGS_12117500,LEI_MASANET_2022
Atlanta,Water-cooled evaporative,3,17.41115935851971,0.8010068027762554,Seattle,Water-cooled evaporative,9,17.590738175367985,2.2074385722956293,1.0208714100454006,2.7558299937587813,USGS_02336000; USGS_12117500,LEI_MASANET_2022
Atlanta,Water-cooled evaporative,6,18.028496874075547,0.7898038468567355,Seattle,Water-cooled evaporative,8,17.708893461695116,2.1745776179476533,1.772767938518554,2.7533135304443577,USGS_02336000; USGS_12117500,LEI_MASANET_2022
Atlanta,Water-cooled evaporative,11,17.376695685310406,0.7927291293276406,Seattle,Water-cooled evaporative,8,17.708893461695116,2.1745776179476533,1.8758810487129771,2.7431534145743304,USGS_02336000; USGS_12117500,LEI_MASANET_2022
Atlanta,Water-cooled evaporative,3,17.41115935851971,0.8010068027762554,Seattle,Water-cooled evaporative,8,17.708893461695116,2.1745776179476533,1.681268814561522,2.714805430379193,USGS_02336000; USGS_12117500,LEI_MASANET_2022
Atlanta,Water-cooled evaporative,5,17.830684138680336,0.8268216358804037,Seattle,Water-cooled evaporative,9,17.590738175367985,2.2074385722956293,1.3456912894992816,2.6697881096751153,USGS_02336000; USGS_12117500,LEI_MASANET_2022
Atlanta,Water-cooled evaporative,5,17.830684138680336,0.8268216358804037,Seattle,Water-cooled evaporative,8,17.708893461695116,2.1745776179476533,0.6830398432162146,2.630044405686303,USGS_02336000; USGS_12117500,LEI_MASANET_2022
Atlanta,Water-cooled evaporative,4,17.602846437659863,0.8648748435260727,Seattle,Water-cooled evaporative,9,17.590738175367985,2.2074385722956293,0.0687858201499378,2.5523214009739936,USGS_02336000; USGS_12117500,LEI_MASANET_2022
Atlanta,Water-cooled evaporative,4,17.602846437659863,0.8648748435260727,Seattle,Water-cooled evaporative,8,17.708893461695116,2.1745776179476533,0.5988348411753407,2.5143263608893465,USGS_02336000; USGS_12117500,LEI_MASANET_2022
Atlanta,Water-cooled evaporative,10,17.631360911378515,0.7507609580400378,Seattle,Water-cooled evaporative,7,17.641672799526734,1.6856059412636832,0.05845187282067847,2.2451965878249496,USGS_02336000; USGS_12117500,LEI_MASANET_2022
Atlanta,Water-cooled evaporative,12,17.20455766710506,0.7745463045407869,Seattle,Water-cooled evaporative,7,17.641672799526734,1.6856059412636832,2.477741977129291,2.1762494138591824,USGS_02336000; USGS_12117500,LEI_MASANET_2022
Atlanta,Water-cooled evaporative,9,17.983196012479553,0.7762135543356912,Seattle,Water-cooled evaporative,7,17.641672799526734,1.6856059412636832,1.8991241196271027,2.1715749897027754,USGS_02336000; USGS_12117500,LEI_MASANET_2022
Atlanta,Water-cooled evaporative,2,17.19450877402098,0.7840678433968516,Seattle,Water-cooled evaporative,7,17.641672799526734,1.6856059412636832,2.534703089594479,2.149821543453508,USGS_02336000; USGS_12117500,LEI_MASANET_2022
Atlanta,Water-cooled evaporative,6,18.028496874075547,0.7898038468567355,Seattle,Water-cooled evaporative,7,17.641672799526734,1.6856059412636832,2.1456257681973145,2.1342083201697033,USGS_02336000; USGS_12117500,LEI_MASANET_2022
Atlanta,Water-cooled evaporative,11,17.376695685310406,0.7927291293276406,Seattle,Water-cooled evaporative,7,17.641672799526734,1.6856059412636832,1.5019954016120132,2.1263327899825546,USGS_02336000; USGS_12117500,LEI_MASANET_2022
Atlanta,Water-cooled evaporative,3,17.41115935851971,0.8010068027762554,Seattle,Water-cooled evaporative,7,17.641672799526734,1.6856059412636832,1.3066416298867474,2.104359083370385,USGS_02336000; USGS_12117500,LEI_MASANET_2022
Atlanta,Water-cooled evaporative,10,17.631360911378515,0.7507609580400378,Seattle,Water-cooled evaporative,10,17.40923985865238,1.5614516299414214,1.2598066243586838,2.079825293549894,USGS_02336000; USGS_12117500,LEI_MASANET_2022
Atlanta,Water-cooled evaporative,5,17.830684138680336,0.8268216358804037,Seattle,Water-cooled evaporative,7,17.641672799526734,1.6856059412636832,1.0600341393720119,2.0386572727609407,USGS_02336000; USGS_12117500,LEI_MASANET_2022
Atlanta,Water-cooled evaporative,12,17.20455766710506,0.7745463045407869,Seattle,Water-cooled evaporative,10,17.40923985865238,1.5614516299414214,1.1757101011253708,2.0159564648199764,USGS_02336000; USGS_12117500,LEI_MASANET_2022
Atlanta,Water-cooled evaporative,2,17.19450877402098,0.7840678433968516,Seattle,Water-cooled evaporative,10,17.40923985865238,1.5614516299414214,1.2334317085342357,1.9914751549772476,USGS_02336000; USGS_12117500,LEI_MASANET_2022
Atlanta,Water-cooled evaporative,11,17.376695685310406,0.7927291293276406,Seattle,Water-cooled evaporative,10,17.40923985865238,1.5614516299414214,0.1869362109213556,1.9697164796577853,USGS_02336000; USGS_12117500,LEI_MASANET_2022
Atlanta,Water-cooled evaporative,1,17.065796158191247,0.7971616790451956,Seattle,Water-cooled evaporative,10,17.40923985865238,1.5614516299414214,1.972766779305657,1.958764038697467,USGS_02336000; USGS_12117500,LEI_MASANET_2022
Atlanta,Water-cooled evaporative,3,17.41115935851971,0.8010068027762554,Seattle,Water-cooled evaporative,10,17.40923985865238,1.5614516299414214,0.011024537928839208,1.949361259516769,USGS_02336000; USGS_12117500,LEI_MASANET_2022
Atlanta,Water-cooled evaporative,4,17.602846437659863,0.8648748435260727,Seattle,Water-cooled evaporative,7,17.641672799526734,1.6856059412636832,0.22008322174477987,1.9489593828299026,USGS_02336000; USGS_12117500,LEI_MASANET_2022
Atlanta,Water-cooled evaporative,10,17.631360911378515,0.7507609580400378,Seattle,Water-cooled evaporative,6,17.548201323721468,1.4555128445111398,0.4716572252989229,1.9387167498839462,USGS_02336000; USGS_12117500,LEI_MASANET_2022
Atlanta,Water-cooled evaporative,5,17.830684138680336,0.8268216358804037,Seattle,Water-cooled evaporative,10,17.40923985865238,1.5614516299414214,2.3635900717556377,1.8884987549688153,USGS_02336000; USGS_12117500,LEI_MASANET_2022
Atlanta,Water-cooled evaporative,12,17.20455766710506,0.7745463045407869,Seattle,Water-cooled evaporative,6,17.548201323721468,1.4555128445111398,1.9582842154419202,1.8791811877200608,USGS_02336000; USGS_12117500,LEI_MASANET_2022
Atlanta,Water-cooled evaporative,9,17.983196012479553,0.7762135543356912,Seattle,Water-cooled evaporative,6,17.548201323721468,1.4555128445111398,2.418895331264907,1.8751448443293612,USGS_02336000; USGS_12117500,LEI_MASANET_2022
Atlanta,Water-cooled evaporative,2,17.19450877402098,0.7840678433968516,Seattle,Water-cooled evaporative,6,17.548201323721468,1.4555128445111398,2.015548734458436,1.8563608452622637,USGS_02336000; USGS_12117500,LEI_MASANET_2022
Atlanta,Water-cooled evaporative,6,18.028496874075547,0.7898038468567355,Seattle,Water-cooled evaporative,6,17.548201323721468,1.4555128445111398,2.664090931755546,1.8428789000000387,USGS_02336000; USGS_12117500,LEI_MASANET_2022
Atlanta,Water-cooled evaporative,10,17.631360911378515,0.7507609580400378,Seattle,Water-cooled evaporative,5,17.454861151844938,1.379972735117141,1.0010557915564635,1.8380986921852527,USGS_02336000; USGS_12117500,LEI_MASANET_2022
Atlanta,Water-cooled evaporative,11,17.376695685310406,0.7927291293276406,Seattle,Water-cooled evaporative,6,17.548201323721468,1.4555128445111398,0.977340271217558,1.8360784165275275,USGS_02336000; USGS_12117500,LEI_MASANET_2022
Atlanta,Water-cooled evaporative,1,17.065796158191247,0.7971616790451956,Seattle,Water-cooled evaporative,6,17.548201323721468,1.4555128445111398,2.7490291262963265,1.8258690586512984,USGS_02336000; USGS_12117500,LEI_MASANET_2022
Atlanta,Water-cooled evaporative,3,17.41115935851971,0.8010068027762554,Seattle,Water-cooled evaporative,6,17.548201323721468,1.4555128445111398,0.780945936701244,1.8171042236675075,USGS_02336000; USGS_12117500,LEI_MASANET_2022
Atlanta,Water-cooled evaporative,4,17.602846437659863,0.8648748435260727,Seattle,Water-cooled evaporative,10,17.40923985865238,1.5614516299414214,1.0998595010933983,1.8054076166389843,USGS_02336000; USGS_12117500,LEI_MASANET_2022
Atlanta,Climate-responsive hybrid,2,0.6978807492502254,0.0318232908659502,Seattle,Climate-responsive hybrid,6,0.6870355726784712,0.056985276281154,1.5540157230881961,1.790678296634816,USGS_02336000; USGS_12117500,LEI_MASANET_2022
Atlanta,Water-cooled evaporative,12,17.20455766710506,0.7745463045407869,Seattle,Water-cooled evaporative,5,17.454861151844938,1.379972735117141,1.4340044447355618,1.7816529844981952,USGS_02336000; USGS_12117500,LEI_MASANET_2022
Atlanta,Water-cooled evaporative,9,17.983196012479553,0.7762135543356912,Seattle,Water-cooled evaporative,5,17.454861151844938,1.379972735117141,2.9379363949988306,1.7778261245362643,USGS_02336000; USGS_12117500,LEI_MASANET_2022
Atlanta,Water-cooled evaporative,5,17.830684138680336,0.8268216358804037,Seattle,Water-cooled evaporative,6,17.548201323721468,1.4555128445111398,1.5842511300285702,1.7603710175790244,USGS_02336000; USGS_12117500,LEI_MASANET_2022
Atlanta,Water-cooled evaporative,2,17.19450877402098,0.7840678433968516,Seattle,Water-cooled evaporative,5,17.454861151844938,1.379972735117141,1.49157518675786,1.7600170020219479,USGS_02336000; USGS_12117500,LEI_MASANET_2022
Atlanta,Water-cooled evaporative,10,17.631360911378515,0.7507609580400378,Seattle,Water-cooled evaporative,4,17.354130306973452,1.3137358722983885,1.5723721260004935,1.7498723904451188,USGS_02336000; USGS_12117500,LEI_MASANET_2022
Atlanta,Water-cooled evaporative,11,17.376695685310406,0.7927291293276406,Seattle,Water-cooled evaporative,5,17.454861151844938,1.379972735117141,0.44781488580486506,1.7407872173028076,USGS_02336000; USGS_12117500,LEI_MASANET_2022
Atlanta,Water-cooled evaporative,1,17.065796158191247,0.7971616790451956,Seattle,Water-cooled evaporative,5,17.454861151844938,1.379972735117141,2.228977877676025,1.7311077180353303,USGS_02336000; USGS_12117500,LEI_MASANET_2022
Atlanta,Water-cooled evaporative,3,17.41115935851971,0.8010068027762554,Seattle,Water-cooled evaporative,5,17.454861151844938,1.379972735117141,0.2503703291882515,1.7227977719218044,USGS_02336000; USGS_12117500,LEI_MASANET_2022
Atlanta,Water-cooled evaporative,12,17.20455766710506,0.7745463045407869,Seattle,Water-cooled evaporative,4,17.354130306973452,1.3137358722983885,0.8618849646892933,1.6961360019363547,USGS_02336000; USGS_12117500,LEI_MASANET_2022
Atlanta,Water-cooled evaporative,4,17.602846437659863,0.8648748435260727,Seattle,Water-cooled evaporative,6,17.548201323721468,1.4555128445111398,0.31043339571199485,1.6829173092571996,USGS_02336000; USGS_12117500,LEI_MASANET_2022
Atlanta,Water-cooled evaporative,2,17.19450877402098,0.7840678433968516,Seattle,Water-cooled evaporative,4,17.354130306973452,1.3137358722983885,0.9197898720878565,1.6755385179512434,USGS_02336000; USGS_12117500,LEI_MASANET_2022
Atlanta,Water-cooled evaporative,5,17.830684138680336,0.8268216358804037,Seattle,Water-cooled evaporative,5,17.454861151844938,1.379972735117141,2.1077317275792065,1.669008979969107,USGS_02336000; USGS_12117500,LEI_MASANET_2022
Atlanta,Water-cooled evaporative,10,17.631360911378515,0.7507609580400378,Seattle,Water-cooled evaporative,11,17.292650708839894,1.2495704990225598,1.921066696105304,1.6644052752619571,USGS_02336000; USGS_12117500,LEI_MASANET_2022
Atlanta,Water-cooled evaporative,11,17.376695685310406,0.7927291293276406,Seattle,Water-cooled evaporative,4,17.354130306973452,1.3137358722983885,0.12986000759643246,1.6572317374191154,USGS_02336000; USGS_12117500,LEI_MASANET_2022
Atlanta,Water-cooled evaporative,1,17.065796158191247,0.7971616790451956,Seattle,Water-cooled evaporative,4,17.354130306973452,1.3137358722983885,1.661472765744666,1.6480168412911196,USGS_02336000; USGS_12117500,LEI_MASANET_2022
Atlanta,Water-cooled evaporative,3,17.41115935851971,0.8010068027762554,Seattle,Water-cooled evaporative,4,17.354130306973452,1.3137358722983885,0.3275431025123154,1.6401057615803463,USGS_02336000; USGS_12117500,LEI_MASANET_2022
Atlanta,Water-cooled evaporative,10,17.631360911378515,0.7507609580400378,Seattle,Water-cooled evaporative,12,17.166734198946635,1.2174132739277843,2.635228867285167,1.6215724337957116,USGS_02336000; USGS_12117500,LEI_MASANET_2022
Atlanta,Water-cooled evaporative,12,17.20455766710506,0.7745463045407869,Seattle,Water-cooled evaporative,11,17.292650708839894,1.2495704990225598,0.5094247447547212,1.6132934747696013,USGS_02336000; USGS_12117500,LEI_MASANET_2022
Atlanta,Water-cooled evaporative,10,17.631360911378515,0.7507609580400378,Seattle,Water-cooled evaporative,2,17.173377966103345,1.2003307510335863,2.5975473338510544,1.5988188226612245,USGS_02336000; USGS_12117500,LEI_MASANET_2022
Atlanta,Water-cooled evaporative,4,17.602846437659863,0.8648748435260727,Seattle,Water-cooled evaporative,5,17.454861151844938,1.379972735117141,0.8406895233621037,1.5955750655100884,USGS_02336000; USGS_12117500,LEI_MASANET_2022
Atlanta,Water-cooled evaporative,2,17.19450877402098,0.7840678433968516,Seattle,Water-cooled evaporative,11,17.292650708839894,1.2495704990225598,0.5675355182461561,1.5937020113068157,USGS_02336000; USGS_12117500,LEI_MASANET_2022
Atlanta,Water-cooled evaporative,5,17.830684138680336,0.8268216358804037,Seattle,Water-cooled evaporative,4,17.354130306973452,1.3137358722983885,2.672661508669145,1.5888987603711122,USGS_02336000; USGS_12117500,LEI_MASANET_2022
Atlanta,Water-cooled evaporative,11,17.376695685310406,0.7927291293276406,Seattle,Water-cooled evaporative,11,17.292650708839894,1.2495704990225598,0.48366489229342047,1.5762893689580864,USGS_02336000; USGS_12117500,LEI_MASANET_2022
Atlanta,Water-cooled evaporative,10,17.631360911378515,0.7507609580400378,Seattle,Water-cooled evaporative,1,17.125193144448993,1.1806652775159978,2.8708377616095615,1.5726247680730268,USGS_02336000; USGS_12117500,LEI_MASANET_2022
Atlanta,Water-cooled evaporative,12,17.20455766710506,0.7745463045407869,Seattle,Water-cooled evaporative,12,17.166734198946635,1.2174132739277843,0.21984562980508,1.5717759761949475,USGS_02336000; USGS_12117500,LEI_MASANET_2022
Atlanta,Water-cooled evaporative,1,17.065796158191247,0.7971616790451956,Seattle,Water-cooled evaporative,11,17.292650708839894,1.2495704990225598,1.3118552757945867,1.5675245459857516,USGS_02336000; USGS_12117500,LEI_MASANET_2022
Atlanta,Water-cooled evaporative,3,17.41115935851971,0.8010068027762554,Seattle,Water-cooled evaporative,11,17.292650708839894,1.2495704990225598,0.6806476653252189,1.5599998585425265,USGS_02336000; USGS_12117500,LEI_MASANET_2022
Atlanta,Water-cooled evaporative,2,17.19450877402098,0.7840678433968516,Seattle,Water-cooled evaporative,12,17.166734198946635,1.2174132739277843,0.1615316578064194,1.552688691648839,USGS_02336000; USGS_12117500,LEI_MASANET_2022
Atlanta,Water-cooled evaporative,12,17.20455766710506,0.7745463045407869,Seattle,Water-cooled evaporative,2,17.173377966103345,1.2003307510335863,0.1812293091459739,1.5497210999479736,USGS_02336000; USGS_12117500,LEI_MASANET_2022
Atlanta,Water-cooled evaporative,11,17.376695685310406,0.7927291293276406,Seattle,Water-cooled evaporative,12,17.166734198946635,1.2174132739277843,1.2082935108385644,1.5357241570778948,USGS_02336000; USGS_12117500,LEI_MASANET_2022
Atlanta,Water-cooled evaporative,2,17.19450877402098,0.7840678433968516,Seattle,Water-cooled evaporative,2,17.173377966103345,1.2003307510335863,0.12289276882141904,1.5309016447267376,USGS_02336000; USGS_12117500,LEI_MASANET_2022
Atlanta,Water-cooled evaporative,1,17.065796158191247,0.7971616790451956,Seattle,Water-cooled evaporative,12,17.166734198946635,1.2174132739277843,0.587986273834084,1.5271848935161398,USGS_02336000; USGS_12117500,LEI_MASANET_2022
Atlanta,Water-cooled evaporative,12,17.20455766710506,0.7745463045407869,Seattle,Water-cooled evaporative,1,17.125193144448993,1.1806652775159978,0.4612994079342819,1.5243314319548535,USGS_02336000; USGS_12117500,LEI_MASANET_2022
Atlanta,Water-cooled evaporative,10,17.631360911378515,0.7507609580400378,Seattle,Water-cooled evaporative,3,17.249131712627936,1.1438702157795326,2.167893906045024,1.523614412190212,USGS_02336000; USGS_12117500,LEI_MASANET_2022
Atlanta,Water-cooled evaporative,3,17.41115935851971,0.8010068027762554,Seattle,Water-cooled evaporative,12,17.166734198946635,1.2174132739277843,1.4038419529683583,1.5198538510637887,USGS_02336000; USGS_12117500,LEI_MASANET_2022
Atlanta,Water-cooled evaporative,4,17.602846437659863,0.8648748435260727,Seattle,Water-cooled evaporative,4,17.354130306973452,1.3137358722983885,1.412931320893097,1.5189895765060304,USGS_02336000; USGS_12117500,LEI_MASANET_2022
Atlanta,Water-cooled evaporative,11,17.376695685310406,0.7927291293276406,Seattle,Water-cooled evaporative,2,17.173377966103345,1.2003307510335863,1.1700597333872707,1.5141751534369075,USGS_02336000; USGS_12117500,LEI_MASANET_2022
Atlanta,Water-cooled evaporative,2,17.19450877402098,0.7840678433968516,Seattle,Water-cooled evaporative,1,17.125193144448993,1.1806652775159978,0.4031265474516905,1.5058203029994823,USGS_02336000; USGS_12117500,LEI_MASANET_2022
Atlanta,Water-cooled evaporative,1,17.065796158191247,0.7971616790451956,Seattle,Water-cooled evaporative,2,17.173377966103345,1.2003307510335863,0.6264452347374045,1.5057557112771507,USGS_02336000; USGS_12117500,LEI_MASANET_2022
Atlanta,Water-cooled evaporative,3,17.41115935851971,0.8010068027762554,Seattle,Water-cooled evaporative,2,17.173377966103345,1.2003307510335863,1.365683855509678,1.498527536686694,USGS_02336000; USGS_12117500,LEI_MASANET_2022
Atlanta,Water-cooled evaporative,11,17.376695685310406,0.7927291293276406,Seattle,Water-cooled evaporative,1,17.125193144448993,1.1806652775159978,1.4473553857194124,1.489367848154373,USGS_02336000; USGS_12117500,LEI_MASANET_2022
Atlanta,Water-cooled evaporative,1,17.065796158191247,0.7971616790451956,Seattle,Water-cooled evaporative,1,17.125193144448993,1.1806652775159978,0.3468398035382063,1.4810863449057732,USGS_02336000; USGS_12117500,LEI_MASANET_2022
Atlanta,Water-cooled evaporative,12,17.20455766710506,0.7745463045407869,Seattle,Water-cooled evaporative,3,17.249131712627936,1.1438702157795326,0.25841327126189706,1.4768261226908965,USGS_02336000; USGS_12117500,LEI_MASANET_2022
Atlanta,Water-cooled evaporative,3,17.41115935851971,0.8010068027762554,Seattle,Water-cooled evaporative,1,17.125193144448993,1.1806652775159978,1.6424306284393884,1.4739765922384958,USGS_02336000; USGS_12117500,LEI_MASANET_2022
Atlanta,Water-cooled evaporative,2,17.19450877402098,0.7840678433968516,Seattle,Water-cooled evaporative,3,17.249131712627936,1.1438702157795326,0.316670656337821,1.4588918872426822,USGS_02336000; USGS_12117500,LEI_MASANET_2022
Atlanta,Water-cooled evaporative,4,17.602846437659863,0.8648748435260727,Seattle,Water-cooled evaporative,11,17.292650708839894,1.2495704990225598,1.7621907338595608,1.4447992196513575,USGS_02336000; USGS_12117500,LEI_MASANET_2022
Atlanta,Water-cooled evaporative,11,17.376695685310406,0.7927291293276406,Seattle,Water-cooled evaporative,3,17.249131712627936,1.1438702157795326,0.7341094935000082,1.442952167974091,USGS_02336000; USGS_12117500,LEI_MASANET_2022
Atlanta,Water-cooled evaporative,1,17.065796158191247,0.7971616790451956,Seattle,Water-cooled evaporative,3,17.249131712627936,1.1438702157795326,1.0628683083361803,1.4349287551674696,USGS_02336000; USGS_12117500,LEI_MASANET_2022
Atlanta,Water-cooled evaporative,3,17.41115935851971,0.8010068027762554,Seattle,Water-cooled evaporative,3,17.249131712627936,1.1438702157795326,0.9305965361375641,1.4280405757041355,USGS_02336000; USGS_12117500,LEI_MASANET_2022
Atlanta,Water-cooled evaporative,4,17.602846437659863,0.8648748435260727,Seattle,Water-cooled evaporative,12,17.166734198946635,1.2174132739277843,2.477509761036156,1.4076178571276525,USGS_02336000; USGS_12117500,LEI_MASANET_2022
Atlanta,Water-cooled evaporative,4,17.602846437659863,0.8648748435260727,Seattle,Water-cooled evaporative,2,17.173377966103345,1.2003307510335863,2.439767188093542,1.3878664179199252,USGS_02336000; USGS_12117500,LEI_MASANET_2022
Atlanta,Water-cooled evaporative,4,17.602846437659863,0.8648748435260727,Seattle,Water-cooled evaporative,1,17.125193144448993,1.1806652775159978,2.713500313159412,1.3651284765116483,USGS_02336000; USGS_12117500,LEI_MASANET_2022
Atlanta,Water-cooled evaporative,4,17.602846437659863,0.8648748435260727,Seattle,Water-cooled evaporative,3,17.249131712627936,1.1438702157795326,2.0094177739072014,1.3225846772418572,USGS_02336000; USGS_12117500,LEI_MASANET_2022
